Student,Gender,Day 1,Day 2,Day 3,Day 4,Day 5,Day 6,Day 7,Day 8,Day 9,Day 10,Day 11,Day 12,Day 13,Day 14,Day 15,Day 16,Day 17,Day 18,Day 19,Day 20,Day 21
1,female,5.1333333,7.7,7.55,7.7,6.5167,5.883366667,7.7167,6.3667,7.216666667,6.483333333,8.250033333,7.083366667,6.3833,7.333333333,6.749966667,8.333333333,5.4167,9.9167,6.466666667,5.6667,9.216666667
2,female,5.799996667,4.566636667,8.0667,10.61663333,7.666633333,7.0834,8.216666667,6.633333333,5.333333333,8.3,6.999966667,7.049966667,4.249963333,6.466633333,6.916666667,8.966666667,7.58333,7.883336667,6.416633333,4.9833,7.350033333
3,female,5.5,3.916633333,5.333333333,6.083333333,5,5.416633333,6.16667,6.083333333,1.6667,6.250033667,5.333333333,5.16667,4.74997,5.58337,4.75,4.916663333,3.583333333,6.499966667,7.416666667,4.833366667,1.749996667
4,female,6.58333,6.416696667,7.749996667,6.66667,5.75003,8.166666667,8.250003333,4.166633333,6.666666667,5.25,7,6.333333333,6.583333333,3.999996667,7.583363333,7.91667,7.75033,3.9167,4.949966667,8.916666667,6.000036667
5,male,8.066636667,6.95,8.600033333,9.0166,8.09997,8.25003,6.949966667,8.299933333,9.433366667,7.550003333,8.35,8.583333333,8.900033333,9.183366667,7.5833,7.533366667,9.13337,9.466696667,8.516633333,8.200033333,8.11663
6,female,6.86667,8.55,7.133333333,8.266636667,9.250000333,7.63333,8.35,8.19997,8.900033333,6.983303333,5.80003,9.316663333,6.283333333,9.9167,6.316666667,9.000000333,10.71700333,5.566666667,6.516633667,7.900033333,8.4333
7,female,8.916666667,8.25,7,8,7.8333,8.25,8.5,8,7.25,6.5,10,7.75,7.5,9,7.5,8.5,8,8.5,8.5,8.5,8
8,female,7.416666667,6.416666667,9.500033333,6.416666667,8.333333333,5.75,7.833333333,8.416666667,5.500033333,7.416666667,9.916666667,5.916666667,8.583366667,5.249966667,6.833333333,3.333333333,6.416666667,8.333333333,4.833333333,7.333333333,19.25
9,female,8.199966667,7.399966667,11,8.4833,7.750033333,7.9667,7.999966667,7.133366667,5.916666667,7.550003333,8.9833,7.83333,6.9833,7.75,8.2167,5.45,7.3167,8.4333,4.65,8.083366667,8.833366667
10,female,8.166666667,8.25,8,8.333333333,7.333333333,7.25,9.833333333,9.833333333,8.916666667,8.25,7.666666667,9.833333333,9,7.166666667,8,7.166633333,7.916666667,8.000033333,9.499666667,7.8333,9.75
11,female,8.583333333,8.666666667,7.083333333,8.75,8,7.583333333,9.166666667,10.75,8.333333333,3.666666667,6.500033333,8.333333333,7.25,8.416666667,8.3333,8.333363333,7.25,8.333333333,7.166666667,8.4167,7.916633333
12,female,8.75,10.1666,7.3333,9.9667,7.5833,10.74967,8.68333,6.15,8.16663,7.85,7.33337,10.166667,11.75,9.50003,10.06667,9.1333,10.4167,8.7166,8.41663,8.16667,7.41667
13,female,5.0167,9.983303333,10.30033333,6.633366667,8.833336667,7.849933333,8.466666667,10.55000333,11.03296667,8.782966667,10.24963333,8.9163,5.2167,8.299966667,6.049966667,8.399633333,10.6337,5.500033333,10.5333,7.949996667,10.38333333
14,female,11.21666667,7.85,11.28333333,11.03333333,8.733333333,11.58333333,13.41666667,8.283333333,9.883333333,10.86666667,9.633333333,12.13333333,12.2,15.55,16.08333333,12.05,11.06666667,11.08333333,8.3,6.9833,10.63333333
15,female,9.75,9.166666667,4.75,8.75,6.666666667,8.333333333,9.666666667,10.75,11.75,9.8333,8.1667,9.833333333,8.5,9.666666667,11.25,11.66666667,10.16666667,14.66666667,8.333333333,11.5833,11.25
16,female,7.499966667,6.766663333,8.500033333,9.000036667,8.250003333,7.75003,7.083336667,8.666663333,7.49997,6.499996667,9.416333333,10.08300333,7.000033333,8.833333333,8.500033333,9.000003333,8.833336667,8.24997,8.1667,7.74997,8.9167
17,female,7.333333333,7.416666667,7.416666667,5.5,7.5,6.416666667,5.833333333,6.5,6.416666667,7.5,10.16666667,9.75,5.75,6,6.916666667,5.5,4,5,7.083333333,5.5,7.16667
18,male,7.5833,7.633333333,8.9167,9.9834,6.5,7.2833,11,9.7333,10.4333,10.2667,8.849966667,7.2667,6.28333,10.56663333,11.1166,6.433333,6.45,7.516666667,7.366666667,4.649996667,9.916666667
19,female,20.08333333,9.5,9.5,11,20.25,20.25,20.66666667,7.416666667,9.5,19.41666667,6,9.333333333,10.08333333,10.75,7.25,18.5,6.5,20.25,21.33333333,9.75,10
20,female,7.583333333,10.45,10.66666667,9.033333333,9.083333333,9.666666667,9.583333333,8.833333333,10.83333333,11.75,9,10.7,12.58333333,11.86666667,10.75,8.033333333,10.33333333,10.58333333,9.216666667,9.133333333,10.86666667
21,female,7.416663333,8.866703333,10.51667,8.833003333,2.850033333,7.883333333,7,7.333333333,7.16667,9.782996667,9.1,5.61663,6.933333,11.51666667,4.21667,9.66667,6.999963333,10.53333667,5.433336667,8.21667,8.833303333
22,female,3.7,5.45,7.416666667,3.749966667,2.9166,3.316666667,4.1,-0.1,23.11666667,17.9163,13.2,8.783366667,5.01667,10.55003333,7.75,9.300066667,10.64966333,9.466733333,7.600066667,5.683366667,6.783366667
23,male,9.166666667,7.916633333,7.75,9.083333333,8.166633333,7.8334,7.4167,7.500066667,7.666633333,6.666666667,4.966666667,8.833333333,7.5,7.5,7.666666667,7.166666667,7.716666667,4.716663333,7.166666667,9.166666667,7.833333333
24,male,7.333366667,8.416666667,6.916666667,7.916666667,7.733333333,7.666666667,7.916666667,7.416666667,7.7333,6.416666667,6.916666667,7.916666667,6.916666667,7.833333333,6.916666667,7.916666667,7.416666667,7.416666667,8.416666667,8.416666667,7.9
25,female,4.25,5.916666667,19.6663,7.0833,7.883366667,10.15000333,9.516633333,8.366633333,6.949933333,9.76633,9.8667,9.899963333,8.116633,9,8.983333333,7.88333,8.833,4.216733333,7.833366667,9.200033333,9.133303333
26,female,10,8.916666667,6,9.333333333,10.75,7.333333333,10.66666667,9.833333333,9.083333333,10.66666667,9.833333333,10.91666667,10.66666667,11.08333333,11.5,10.91666667,8.666666667,9.25,8.25,8.25,8.4167
27,male,9.149966667,7.8,7.666666667,10.19996667,11.2,7.95,4.933333333,4.6167,8.783333,8.9,6.783336667,9.43333,7.216666667,7.05,8.616633333,7.966666667,8.1833,7.583333333,9.133333333,5.333333333,8.483333333
28,female,9.616666667,8.833333333,10.66666667,8.416666667,11.33333333,8.716666667,6.75,10.91666667,10.75,10.41666667,12.25,14.33333333,15.33333333,16.33333333,11.83333333,13.5,11.66633333,9.666333333,4.916666667,9.5,11.58333333
29,male,8.45,9.749966667,11.96666667,10.31666667,5.3167,10.933,6.4,9.5163,9.6163,9.8,14.71633333,7.633296667,10.46669667,6.9834,8.3167,10.03333,9.666366667,9.700333333,6.500333333,6.2166,8.75
30,female,8.883366667,7.5,6.75,8.5,7.75,7.25,8.25,8.083333333,6.583333333,9,8,7.5,6.666666667,7.78333,9,8.5,8.167,7.916666667,8.95,6.75,9
31,male,6,6,8.833333333,9,8.916666667,5.916666667,5.916666667,8.916666667,7.916666667,7.916666667,7.916666667,7.916666667,4.916666667,5.416666667,4.416666667,5.916666667,5.916666667,5.916666667,5.916666667,5.916666667,3.916666667
32,female,5.0833,6.75,7.75,7,6.5,4.500033333,9.166666667,5.083366667,7.5,2.25,22,9.75,5.250033333,7.916666667,5.333366667,8.416666667,5.416666667,9.833666667,7,5.4167,8.333333333
33,female,10.58333333,10.25,9.866666667,11.6667,9.333333333,9.416666667,3.83333,9.75,9.899966667,11.66666667,10.75,11.25,10.41666667,6.416666667,9.416633333,6.916666667,7.416666667,8.916666667,10.41666667,6.366733333,6.75
34,female,8.217,9,6,5.5,9.950336667,7,10.117,8.233,4.25,7.5,7.5,9.049963333,7.333333333,8.633,9.55,6.5,9,5,11.83333667,7.5,8.016666667
35,female,4.75,4.616666667,5.3,8,5.7,5.75,6.5,5,7.05,6,9,6.45,5.666666667,6.7,6.75,4,4,9.5,6.75,6.75,5.75
36,male,7.75,7.8333,9.283,4.916666667,6.5,10,8.5,7.5,7,7.5,8.5,6.167,7,7.5,7.5,7,6.667,5.5,7,5.6667,8
37,male,5.366633333,9.249633333,7.7997,9.216366667,6,9.3833,6.666633333,6.333333333,7.366966667,6.833333333,11.41636667,4.25,6.25,4.000033333,4.4167,12.6337,8.083,3.416666667,7.083333333,4.749933333,5.083336667
38,female,4,10,10,9,9.75,5.75,5.25,6.75,10.1667,13.667,13.75,6.1667,3.75,13,6.75,6.583333333,15,13.66663333,14,5.416666667,8.5
39,female,8.5,8.916666667,9.416666667,9.416666667,8.25,8.333333333,9.75,8.833333333,8.5,10.16666667,9,8.45,9,9.666666667,10.25,8.333333333,8.333333333,9.5,9,8.916666667,9.083333333
40,female,10.91673333,6.666633333,4.133366667,11.95033333,1.999966667,10.66663667,6.666633667,12.54996667,5.41663,3.5,11.16666667,8.499966667,11.25003333,8.633336667,8.416633333,9.333333333,10.33333,8.516666667,6.15,9.750033333,7.0667
41,female,6.466666667,4.516666667,12.08333333,6.466666667,8.916666667,8.25,7.666666667,4.716666667,9.416666667,10.33333333,9.166666667,9.5,6.916666667,6.966666667,6.25,7.75,8.083333333,7.466666667,9.799666667,11.41666667,6.583333333
42,female,6.666666667,2,2.5,4.833333333,5.166666667,4.25,0.75,1.833333333,6,6.916666667,7.833333333,1.5,6.25,2.333333333,2.25,1,4.25,5.75,4,5.25,3
43,male,5.999999667,6.083336667,6.749996667,8.833366667,7.5,7,6.8,0.100000333,-0.233333,9.833333333,10.84999667,6.749996667,6.666666667,6.75,6.5833,9.833333333,-0.149999667,13,6.75,7.083333333,7.666666667
44,female,9.75,10.16666667,9.750033333,9.416666667,11.66666667,11.5,14.66663333,11.00003333,12.7503,11.9167,12.74966667,11.08333333,10.25003333,8.333333333,10.16666667,9.583333333,9.833333333,11.24996667,6.250003333,6.5,6.75
45,female,2.5,4.5,4.416666667,9.083333333,8.833333333,7.916666667,3.75,5.333333333,4.666666667,5.416666667,8.25,9.083333333,8.666666667,4.083333333,4.083333333,4.25,5.25,8.833333333,5.5,9.833333333,4.5
46,female,8,8.166663333,7.833333333,8.166666667,8.333333333,8,9.667,8.166666667,7.833336667,8.5,7.666666667,7.166633333,4.6667,7.666666667,8.833333333,10.66666667,10,9.5,8.333333333,7.166666667,7.5
47,female,7.716666333,9.416666667,9.7,12.1667,8.666666667,9.500036667,7.9,10.75003333,9.916633333,8.416666667,9.116666667,8.583333333,8.2,8.333333333,7.416666667,9.333333333,10.69996667,11.1667,9.166666667,9.166666667,7.333666667
48,female,8.333333333,9.25,9,12.5,12.33333333,11.25,12.33333333,11.33333333,10.25,9.333333333,12.83333333,11.25,9.333333333,8.833333333,9.333333333,9.75,6.833333333,7.833333333,9.833333333,10.25,10.33333333
49,male,7.299966667,10.5,8.75,8.583333333,11.33333333,9.366333333,8.716666667,9.8163,8.266666667,8.833336667,8.0833,5.333333333,12.18333333,6.583333333,5.083366667,9.083333333,8.9163,8.3,10.833,6.25,7.166666667
50,female,9.166633333,8.883633333,10.41666667,9.333333333,10.75003333,7.999966667,9.666666667,10.09996667,6.050033333,6.166633333,9.05,11.08333333,7.833366667,8.916666667,9.166633333,9.866666667,9.333333333,10.41666333,9.583333333,10.05003333,9.333333333
51,male,3.666666667,3.5,2,3.75,3.833333333,3.75,3.55,3.183333333,4.25,3.4,11,5.266666667,5.666666667,5.683333333,5.033333333,5.366666667,4.683333333,11.33333333,4.416666667,4.366666667,5.833333333
52,male,3.583336667,6.183366667,5.8,6.5667,6.833333333,4.899996667,7.133333333,7.300033333,6.616633333,6.416633333,6.15,6.300033333,6.583366667,6.25,6.7167,5.9167,7.2333,6.666666667,6.383333333,6.2167,6.21667
53,male,6.666633333,9,6.666666667,4.799666667,8.666666667,8.333333333,6.166666667,6.666666667,7.833333333,8.666666667,7.416666667,8.833333333,7.75,10.41666667,6.083333333,9.416666667,8.916666667,7.416666667,8.333333333,7.666666667,7
54,male,8.416666667,5.916666667,6.333333333,9.333333333,9.016666667,8.549666667,8.083366667,8.716666667,9.550336667,11.08303333,8.249996667,10.367,6.100033333,6.283366667,9.382996667,8.100033333,7.549966667,9.066666667,8.683333333,8.333,6.733333333
55,male,7.25,11.58336667,8.000033333,10.83336667,8.5,9,7.166666667,7.25,8.9167,8.6667,9.9167,8.166666667,8.249966667,8.25,6,8.166666667,13.75,10.9167,8.5,9.25,7.25
56,male,11.25033333,6.75,10.58333333,6.316666667,7.833333333,9.583666667,3.917,7.183333333,7.833,6.75,8.1663,5.25,7.583333333,10.08366667,8.666666667,8.083333333,10.25003333,9.5,2.6667,4.999966667,8.666633333
57,female,5.833333333,7.5,6.0833,7.166696667,9.1667,4.583366667,4.75,5.1667,1.333333333,4.5,6.166666667,8.166666667,3.666633333,6.5,9.25,5.499966667,4.25,5.75,5.499966667,1.500033333,3.6667
58,female,6.666666667,6.916666667,4.966666667,6,9.583333333,6,5.966666667,4.833333333,4.833333333,9.833333333,10.96666667,8.75,3.666666667,6.5,7.833333333,4.966666667,7.666666667,8.666666667,8.966666667,7.75,4.75
59,male,5,8.75,6,7,5.75,4,5.916666667,4.5,2.416666667,1.5,2,5.5,5.5,6,18,3,19.75,7,5,5.75,3.75
60,male,7.116666667,8.116666667,8.033333333,6.8833,7.549966667,6.9,6.833366667,7.6167,7.967,8.616633333,7.2,6.95,7.049966667,6.45,6.7333,8.966366667,8.5,7.383333333,7.2833,7.499966667,6.716633333
61,female,9.350033333,8.433336667,8.133333333,7.333333333,9.116633333,7.06667,7.11667,6.983336667,10.41666667,7.45,6.8,8.3667,9.083366667,9.95,8.95,9.366666667,10.03333667,8.616666667,9.11667,8.199996667,8.199996667
62,female,8.116733333,5.083333333,5.499933333,5.75,6.750033333,8.333303333,10.83333333,9.833333333,3.666633333,11.66700333,4.083333333,6.083333333,3.083333333,7.250033333,12.28303333,9.117033333,9.333033333,4.833333333,6.833333333,5.666666667,4
63,male,8.533366667,7.616663333,10.08333333,9.782966667,8.1667,9.033333333,7.5834,9.05,7.2,11.06703333,9.716633333,7.766703333,9.366666667,6.550066667,7.283333333,6.033366667,13.41666667,10.03333667,7.416666667,10.25003333,7.34997
64,female,10.25,9.333333333,9.667,8.167,10.83333333,8.833333333,9.166633333,10.66666667,9.333333333,8.5,9.3333,8.333333333,9.666666667,8.666666667,8.833333333,10.00003333,7.333333333,9.333333333,6.666666667,5.333333333,9.666666667
65,male,8.916666667,7.567,6.683333333,7.366333333,8.283666667,8.100333333,8.166666667,8.099666667,8.600333333,8,8.783333333,7.949666667,7.666666667,8.716633333,8.049666667,20.40003333,8.133,7.933666667,7.799666667,7.449966667,7.950333333
66,female,4.233333333,10.783,13.23333333,10.66666667,9.133666667,5.833333333,6.0837,4.499966667,10.467,9.233333333,10.19996667,9.250366667,5.000033333,7.833333333,8,9.3337,10.3663,7.2497,6.249966667,1.25,15.16666667
67,male,7.833333333,8.5,8.5,7.666666667,6.833333333,7.333333333,6.833333333,7.833333333,7.500033333,8.833333333,8.000333333,6.833333333,7.833333333,6.666666667,5.833333333,7.833333333,7.833333333,6.333333333,8.833333333,7.833333333,8
68,female,6.400003333,6.916666667,7.050033333,7.716666667,6.216666667,6.050003333,6.45,5.883333333,7.466666667,9.916666667,6.483333333,6.7,7.7,6.499996667,7.5,10.83333333,9.416666667,5.833333333,5.333333333,7.966666667,6.416666667
69,male,6,6.583366667,7.5,8.332966667,5,5.25,7.666633333,5.75,9.999996667,6.999966667,7.333366667,5.75,8.166633333,5.916666667,5.583333333,6.333333333,10.50003333,7.416666667,6.333333333,7.500033333,6.083333333
70,female,10.66666667,11.66666667,8.5,9,11.83333333,11.25,9.75,9.166666667,10.91666667,6.916666667,5.916666667,7.833333333,7.666666667,10.33333333,10.41666667,11.5,4.416666667,8.666666667,10,9.666666667,10.83333333
71,female,8.166666667,7.75,8.166666667,7.166666667,6.75,7,6.1667,8.250003333,6.3333,7.416666667,8.3337,7.1667,8.5,7.25,8,6.75,7.166633333,8.583366667,6.25,7.416633333,6.8333
72,female,22.35000333,9.83333,8.033,9.416666667,7,10.317,8.1667,8.75,6.5,8.916666667,11.75,7.833300333,8.833633333,8.75,9.083333333,8.166666667,5.749666667,10.75,8.450033333,10.25003333,8.166696667
73,male,8.95,8.95,7.966666667,7.966666667,8.95,8.95,8.95,8.95,8.95,7.966666667,7.966666667,8.95,8.95,8.95,8.95,8.95,7.966666667,7.966666667,8.95,8.95,8.95
74,female,9.2,8.933333333,7.95,8.9,8.833333333,10.75,9.166666667,9.333333333,7.916666667,7.916666667,13.91666667,9.416666667,10.33333333,6.083333333,10,10.96666667,6.333333333,7.166666667,9.333333333,10.91666667,9.366666667
75,male,9.416666667,8.166666667,5.000033333,10.41666667,6.916666667,7.916666667,6.416666667,8.416666667,7.416666667,7.916666667,8.916666667,7.916666667,-0.083333333,7.416666667,7.916666667,9.166666667,11.91666667,5.666666667,4.333333333,6.833333333,7.25
76,female,10.48366667,7,2.95,9.8,3.25,11.96666667,7,7.55,5.966666667,9.916666667,9.05,7.75,6,6,13.66666667,8,8.25,9.966666667,4.05,10.05,11.98333333
77,female,9,9,9,11,11,8,7,6,6,8,9,9,10,9,10.41666667,10.41666667,8,8.433333333,11.16666667,11,11.16666667
78,male,8.583266667,7.916633333,8.983666667,7.166666667,8.833333333,10,6.699966667,8.75,6.75,12.50003333,10.73366667,10.617,9.866633333,12.19966667,9.449966667,9.517,3.8333,13.33333333,9.416666667,8.800033333,8.333336667
79,female,8.233333333,9.5833,11.64999667,11.66666667,11.5663,10.68333333,10.49999667,7.899966667,9.283366667,12.25003333,10.64966667,12.05,11.35,11.6497,8.199966667,9.633333333,10.81633333,11.13333333,11.683,10.31666667,10.86666667
80,male,9.866703333,9.133336667,7.85,8.316733333,8.083333333,8.083333333,6.53333,10.18336667,10.5,12.03366333,2.533333333,8.866666667,9.3,7.4166,10.08337,8.666366667,6.316667,8.949996667,5.500033333,5.583366667,6.500066667
81,female,10.65,4.3333,9.266663333,6.333336667,7.56663,7.816700333,5.0833,7.716666667,4.833266667,6.1167,10.50000033,7.98337,7.166666667,5.7833,7.483336667,6.433303333,8.033336667,7.2,6.5833,8.049996667,6.133296667
82,female,7.750033333,10,8.833333333,7.583366667,4.5833,9.083366667,8.666666667,8.333366667,9.75,10.08333333,12.41666667,3.6667,6.833333333,7.083366667,9.500003333,10.75,9.000033333,8.25,5.016633333,7.883366667,8.416666667
83,male,6.06663,7.550033333,4.116666667,9.233333333,7.3167,7.816666667,9.43333,6.716666667,8.9997,5.566666667,5.7333,7.099967,3.7,7.2,4.533266667,9.899666667,4.966366667,12.14966333,6.499666667,7.1667,8.316333333
84,male,7.5833,8.299996667,8.583366667,7.200036667,7.916666667,4.016633333,6.816633333,5.849933333,7.666663333,9.666666667,10.24999667,7.316633333,6.649933333,8.083333333,3.0833,5.483333333,9.433333333,7.583333333,6.5,7.2333,6.616633333
85,female,5.049966667,9.416666667,9.083333333,6.416666667,9.833333333,2.999966667,10.41666667,2.91663,9.8333,10.25,7.333333333,7.5,3.8333,3.416636667,3.916633333,13.16666667,9.333333333,9.75,8.833333333,3.749966667,8.833333333
86,female,5.46663,6.75,5.25,6.2,6.05,7.8333,9,7.25,6.75,8.25,8,6,7,5.75,9.25,9,10,9.333,9.25,9.5,9.5
87,female,8.3667,5.816663333,10.75,9.333333333,7.733333333,6,7.5833,9.233333333,6.716666667,10.98333667,13.91663333,5.66667,12.58333333,6.133366667,11.73333333,7.999966667,13.91696667,12.45,6,11.91663333,4.58333
88,female,7.250033333,7.16667,5.750000333,4.8333,6.383366667,9.799996667,7.083366667,7.2,8.333333333,7.166666667,6.666666667,4.333333333,7.500066667,7.166666667,6.249966667,7.5,5.416703333,7,7.3167,9.583333333,8.833366667
89,female,8.166666667,4.666666667,6.25,7.75,11,13.5,13.75,8.666666667,3.166666667,11.08333333,9.833333333,8.416666667,10.4,8.666666667,8.166666667,8.666666667,13.75,7.583333333,9.666666667,10.66666667,2.666666667
90,male,5.5,5,5.833333333,8.5,6.833333333,6.833333333,6.833333333,6.833333333,6.833333333,7.333333333,5.75,7.416666667,6.833333333,7,4,7.5,6,6.5,6.5,6,5.833333333
91,male,5.383333333,5.316666667,8.383,7.866366667,5.283333333,4.983366667,5.3167,4.7334,4.916633333,8.633033333,7.433033333,9.616966667,5.650066667,5.650066667,5.1834,5.999966667,11.69999667,9.233033333,4.850033333,5.35,5.4667
92,female,9.599966667,9.68333,9.283366667,10.45,9.599966667,7.55,9.2,7.699996667,5.899966667,8,10.09996667,8.2833,7.883336667,9.533366667,8.249996667,7.816666667,2.75,8.75,11.30003333,7.649996667,12
93,female,7.25,5.083333333,1.749966667,4.333333333,4,5.333333333,2.35,3.4,19.86666667,0.166633333,1.9167,4.33333,3.91667,1.366666667,3.999996667,0.6667,4.75,4.500000333,5.1,0.883333333,0.016667
94,male,5.733333333,6.549966667,7.5666,7.0334,7.766633333,7.0667,7.433333333,5.716666667,5.666666667,5.383366667,6.733266667,5.283266667,6.783366667,4.7834,5.516666667,4.750033333,6.683366667,6.799966667,4.733266667,5.416666667,6.0333
95,female,1.7,9.466666667,6.75,21.5,9,3,6.75,18.48333333,8.733333333,7.466666667,6,4.5,6.5,6.45,7.316666667,7.966666667,4.483333333,4.316666667,4.5,6.983333,7.483333333
96,female,5.66667,8.166666667,7.5833,8.916666667,6.500003333,7.416666667,6.416667,6.33333,9.0833,9.25,8.666633333,6.166703333,6.749996667,5.750033333,7.333333333,7.583296667,8.166633333,4.333266667,7.333333333,5.999996667,6.5833
97,male,5.916666667,6.416633667,5.549996667,6.283366667,5.999999667,5.750036667,6.249996667,6.833366667,7.133366667,6.083366333,6.833366667,6.583333667,6.333366667,6.916666667,6.333366667,6.000003333,5.749963333,6.333296667,7.416636667,7.416666667,6.416696667
98,female,7.7,9.6167,7.2833,5.1834,9.366636667,5.700033333,7.05,6.7833,7.0334,6.36667,10.36666667,6.7834,7.5167,7.5333,8.5667,9.41667,7.5833,5.5667,7.7,7.1167,6.15
99,female,4.666666667,4.166666667,6,4.666666667,6.833333333,4.833333333,4.666666667,4.583333333,6,8.666666667,7.75,7.25,7.333333333,6.583333333,6.833333333,5.25,9.666666667,8.333333333,5.166633333,9.833333333,5.333333333
100,female,21.66666667,19.16666667,6.833333333,21.25,19.83333333,19.75,20,22,21.5,19.91666667,18.5,2.916666667,18.83333333,19.16666667,18.5,20.83333333,21.66666667,21.33366667,18.83333333,21,20
101,female,8.26667,4.833333333,9.24997,5.25,5.0833,7,6.75,8.166633333,9.1333,8.2333,8.566633333,7.766666667,8.700033333,7.73337,7.566696667,8.3,5.2333,3.966733333,9.5833,8.3333,8.29997
102,male,9.549996667,5.166666667,7.166333333,10.08333333,7.916666667,7.099966667,8.683333333,8.7,5.3333,8.0503,8.433333333,8.533333333,8.11667,7.950003333,8.416666667,5.466666667,6.95,9.383333333,9.083333333,8.916666667,8.75
103,male,6.916666667,6.75,5.916666667,5.5,5.916666667,6.916666667,6.916666667,6.916666667,6.75,6.916666667,5.583333333,5.75,6.583333333,6.916666667,6.916666667,6.833333333,5.833333333,5.75,5.916666667,5.916666667,5.416666667
104,female,7.183366667,6.516666667,7.166666667,7.5,8.3,7.316666667,8.016666667,7.316666667,7.5,7.5,9,8.516666667,7.016666667,8.3,8.3,9.5,7.816666667,7.3,7.5,7.966666667,7.5
105,female,12.33333333,10.83300033,12.41666667,11.83333333,9.499966667,9.166633333,8.333333333,10.33333667,12.66633667,12.58333,13.58299667,9.749966667,9.0833,9.166663333,9.749963333,9.41633,10.66666667,13.33333,7.25,8.416666667,10.41663333
106,female,7.5,7.333333333,4.833333333,7.916666667,6,6.5,7,6.75,6.166666667,7,9.416666667,8.416666667,8.916666667,7.083333333,8.416666667,6.916666667,8.916666667,7.45,7.716666667,6.5,7.466666667
107,male,6.066633333,6.88333,7.95,5.083333333,5.333303333,6.61663,4.5833,5.516633333,4.95,5.666703333,4.8666,6.116666667,6.58333,9.8833,6.549963333,6.700003333,6.80003,5.3167,4.833333333,6.716696667,5.85
108,male,6.999963333,7.08333,6.6666,5.666666667,6.999999667,6.8333,7.416633333,7.333296667,7,8.417,7.833366667,7.250033333,7.083336667,6.916636667,6.916666667,6.833296667,5.249966667,7.166703333,6.749963333,6.083366667,7.666633333
109,male,7.5,7.416666667,11.08333333,10.91666667,7,7.333333333,3.75,7.25,8.833333333,7.75,11.83333333,9.916666667,8,5.916666667,8,7.833333333,7.833333333,11.75,7.833333333,8.583333333,6.25
110,male,6.616666667,7.000033333,6.999966667,7.916666667,7.983333333,7.716633333,7.016666667,7.116633333,6.916636667,5,7.25,8.416666667,8.166666667,7.83333,6.666633333,7.916666667,7,5,7.666666667,7.749996667,8.416666667
111,female,10.91666667,8.916666667,7.916666667,18.25,7.166666667,7.333333333,8.666666667,10.83333333,5.583333333,7.916666667,9.916666667,8.416666667,7.916666667,9.416666667,8.916666667,8.833333333,21.91666667,6.749966667,8.416666667,8.416666667,6.75
112,male,6.25,7.083333333,7.666666667,8.416666667,6.666666667,4.749966667,6.583333333,5.416666667,4.5,7.333333333,7.75,8.75,5.25,6.5,6.25,5.25,7.833333333,7,4.916666667,6.75,7.166666667
113,male,7.75,8.166666667,8.749996667,8,8.333333333,7,8.166666667,8,7.66667,8.333333333,8.416666667,9.083333333,8.416666667,8.083333333,8.666666667,6.916666667,8.666666667,9.5,9.583366667,8.333333333,8
114,female,8.583366667,10.08336667,10.16666667,9.750033333,8.416666667,8.583333333,8.916666667,7.916666667,7.499966667,8.6667,11.91666667,9.583366667,8.999966667,8.166666667,8.583366667,7.333333333,10.58333333,11.91666667,7.583366667,6.999966667,4.916666667
115,male,5.183266667,5.0333,6.8334,4.616666667,8.533,4.750066667,6.633333333,6.833333333,6.45,7.766633333,7.433333333,7.933366667,7.333333333,7.1167,6.766666667,7.2333,7.150066667,7.516733333,6.9166,7.299996667,8.01663
116,female,8.383333333,10.75,10.6833,10,8.133333333,10.08336667,10.7,10.83333333,10.88333333,10.45,10.16666667,10.45,8,8.333296667,11.33333333,11.2,13.38333333,15.45,14.95,9.633333333,9.25
117,male,19,5.333333333,5.833333333,7.166666667,7.5,8.333333333,7.166666667,9.666666667,5.333333333,6,5.833333333,8.333333333,8.5,8.833333333,8.166666667,5.333333333,8.166666667,6.166666667,8.5,10.16666667,7.666666667
118,female,10.16666333,9.41667,8.95,9.716666667,12,10.74996667,9.916663333,10.28333333,9.333333333,8.033333333,9.95,10.38333333,11.58333333,13.25,11,10.91667,10.41667,10.5,10.33367,10.5,9.5003
119,female,5.5,10.83333333,7.333333333,10.83333333,6.833333333,8.166666667,9.166666667,6.166666667,7.5,7.333333333,9.666666667,8.666666667,8.833333333,7.333333333,7.333333333,7.666666667,6.5,7.833333333,6.166666667,7.333333333,7.166666667
120,female,9.416666667,9.0833,9.833333333,9.333333333,7.333333333,7.416666667,9.333333333,8.083333333,8.750033333,9.083333333,10.25,8.833333333,9,8.416666667,8.416666667,8.083333333,9.666666667,10.25,8.166666667,8.5,8.583333333
121,male,4.5,10.16666667,9,8.833333333,9.75,8,8.5,10,10,7,6,10.5,6.5,8.5,9.666666667,10,6.5,10.5,8.5,8.5,6.666666667
122,male,7.633333333,10.36666667,9.25,7.833333333,4.966666667,7.499967,7.35,9.066663333,3.966666667,10.46666667,5.916666667,7.916666667,9.833333333,6.83333,7.833333667,6.83333,6.333333667,6.33333,6.833333333,7.749996667,6.833333667
123,female,7.75,6.333333333,4.966666667,6.883333333,6.416666667,8.833333333,5.916666667,7.833333333,8.666666667,9.416666667,9.333333333,7.91667,7.333333333,7.333333333,6.916666667,11.91666667,9.833333333,11.91666667,9.333333333,7.916666667,7.416666667
124,female,8.25,10,6.25,10.1667,7.75,11.16666667,11,7.333333333,10.5,11.75,8.75,12.25,7.5,12.5,9.5,13,10.5,8.5,11.5,12.66666667,8.5
125,female,8.916666667,8.166633333,9.666666667,11.41666667,7.083333333,8.416666667,6.833366667,6.083333333,7.416666667,9.5,6,14.5,8.5833,8,7.916633333,7,9,12.91666667,8.25,9.166666667,7.833333333
126,female,8.25,12.36663333,10.54967,11.04996667,8.416666667,6.916663333,8.366633333,9.2833,8.883333333,10.48336667,13.0997,7.416666667,8.133333333,7.9833,8.633303333,7.749966667,13.39966667,11.28336667,7.799966667,8.799966667,7.883336667
127,male,7.166666667,8.666666667,9.166666667,7.166666667,7.166666667,7.666666667,8.666666667,9.166666667,9.166666667,9.166666667,7,5.916666667,7.166666667,7.166666667,6.666666667,8.166666667,9.083333333,9.166666667,8,8.166666667,8.166666667
128,female,11.16666667,12.75,10.75,11.08333333,10.75,13,10.75,12.41666667,10.66666667,10.66666667,12.33333333,13,10.35,12.58333333,12.41666667,11,10.33333333,10.08333333,9.75,12.667,11.61666667
129,female,7.5,8,8.74997,9.25,3.8333,3.250033333,5.3334,7.66667,8.66667,8.25,7.916633,2.8333,0.25,0.916666667,1.333366667,7.83333,9.5,10,9.25,7.6667,7.58333
130,female,9.416666667,6.833333333,8.416666667,8.416666667,9.7,6.916666667,8.333333333,8.333333333,8.45,10.41666667,8.416666667,6.916666667,4.916666667,7.45,7.95,7.916666667,9.916666667,8.833333333,8.333333333,4.416666667,4.916666667
131,female,8.583333333,12.41666667,10.16666667,9.333333333,6.583333333,3.666666667,6.416666667,7.833333333,8,7.916666667,9.916666667,7.583333333,4.666666667,6.5,6.45,9.833333333,6.916666667,9.9,5.916666667,4,5.333333333
132,male,8.0667,8.7333,8.699966667,5.866633333,6.416633333,7.850036667,8.249933333,7.833333333,6.4166,7.5833,9.166666667,7.6666,9.9167,10.91666667,10.8333,8.083333333,8.05,7.749933333,7.999966667,7.833336667,10.33333667
133,female,18.7333,22.60003333,20.28336667,21.217,10.61666333,10.96666667,10.04999667,10.55,13.58333333,21.1833,20.06636667,10.68333667,10.28333667,10.63333667,7.800003333,20.0337,20.58366667,21.88366667,9.766666667,10.13333,9.516666667
134,female,9.849966667,7.5834,7.416666667,7.1667,9,8.5833,8,7,9.75,10.75,7.833366667,7.25,8.083333333,6.25,9.666333333,6.6167,8.083333333,7.166633333,9.133333333,6.750003333,6.533366667
135,male,9.2,8.41667,8.533366667,8.283333333,6.916666667,8.283333333,6.416666667,5,6.883333333,9.666666667,7.916666667,7.75,8.45,6.916666667,6.666633667,7.416666667,8.399996667,7.650033333,4.95,9.233266667,5.833333333
136,male,5.666633333,7.916633333,8.5,8.166666667,6,5.25,4.749967,6.25,4.25,20.83333333,6.833333333,7.833333333,6.25,7.166666667,4.5,6.833333333,8.916666667,9,4.75,6.416666667,4.75
137,female,9.016666667,7.499966667,8.999963333,7.933333333,7.416633333,8.166633333,8.166666667,7.166633333,8.833333333,8.5,5.916666667,10.08333333,9.25,8.15,7.499966667,7.416633333,8.416666667,9,7.333333333,7.333333333,10.33333333
138,male,6.766666667,5.200033333,7.58333,7.038666667,12.74966667,13.01536667,6.75,6.399966667,7.600366667,8.766666667,7.35,9.633333333,9.6167,8.983633333,4.199966667,9.8,12.95003333,5.716633333,8.683333333,3.600033333,6.716633333
139,female,6,6.5,12.75,9.75,5.25,7.5833,10.25,7,8.5,7.25,7,5.75,7,6.75,7.25,4.583333333,7.25,8.5,4.5,5.516633333,3.75
140,female,5.833366667,6.833363333,8.583333333,2.333333333,9.249996667,6.4,8.083366667,5.116666667,6.883366667,10.18333667,6.583366667,8.166663333,8.199996667,7.966663333,7.7833,7.999966667,2.333333333,12.21667,7.6834,9.033303333,8.800033333
141,male,12.16666667,8.5,4.783333333,12.01666667,6.583333333,10.08333667,6.7,7.9167,9.566633333,7.4167,4.766666667,12.11666333,10.433333,12.89996667,12.43336667,11.91666667,9.583333333,2.933333333,8.249966667,9.516666667,12.63333333
142,female,6.666666667,10.75,6.85,7.533366667,7.333366667,8.166666667,6.616636667,9.666666667,6.333333333,6.666633333,7.499966667,4.250033333,9.83337,5.166666667,8.583333333,9.5833,7.916633333,5.250033333,9.166666667,8,11.41666667
143,male,6.75,5.25,5.166666667,7.083333333,7.75,7.25,6,9.5,5.75,11.5,7.25,6.75,5.25,7.75,7.25,4.5,6.5,7.5,6.75,7.25,6.75
144,female,7.9003,9.117033333,11.66667,8.650033333,7.633296667,9.0333,11.35,11.38333,3.600066667,11.01666667,11.05033333,8.599666667,10.83333,4.416633333,9.333,5.599963333,7.066666667,8.916966667,11.08367,9.1003,8.533033333
145,female,6,6.333333333,5.583333333,4.083333333,5.75,8.716666667,7.966666667,7.966666667,7.5,6.75,7.916666667,6.916666667,7,6.25,7,5.75,6.333333333,6.25,5.466666667,6.25,6.75
146,female,8.850033333,9.300033333,5.916666667,3.75,7.45,8.916666667,10.41666667,9.500000333,5.333333333,8.999966667,6.75,9,8.916666667,9.166666667,8.75,8.333333333,9.333333333,9.916667,9.16667,8.5,9.25
147,male,6.666666667,7.833333333,6.5,7.833333333,7.333333333,6.666666667,6.5,6.5,6.5,7.25,6.75,6.666666667,7.166666667,6.833333333,6.916666667,6.666666667,6.5,5.666666667,6.833333333,6.916666667,6.916666667
148,female,9.833333333,9.4833,11.80006667,9.450033333,6.666633333,10.0833,7.549963333,9.100033333,9.099966667,8.750033333,8.9334,10.08333333,8.550033333,9.966633333,6.666633333,7.499966667,9.39997,7.45,8.68333,8.933366667,10.45003333
149,female,7.116696667,5.9,8.68337,7.816666667,6.483363333,7.4,7.316636667,4.66663,7.366696667,7.799966667,7.450033667,7.816703333,6.033303333,8.5167,7.983363333,7.1666,7.949963333,7.450066667,6.850036667,7.149966667,7.033296667
150,female,9.5,6.833333333,6.5,10,6.583333333,8.8333,6.833333333,7.916666667,7.25,9.666666667,8,8.5,8.75,9.5,8,7.833333333,8,7,5.916666667,9.833333333,7.916666667
151,female,7.41667,6.5,11.5,11,10,7.166666667,9,10.83333333,9.333333333,10,10,8,7,6.9167,6.583333333,9.4167,13.25,13,10.83333333,11.25,8.5
152,male,5.55,5.866666667,6.1333,6.366666667,4,6.366666667,6.866633333,6.75,5.75,6.749966667,6.3333,5.5833,6.883333333,6.233333333,6.083366667,7.333333333,5.583366667,6.833336667,6.749933333,6.250033333,6.666666667
153,female,9.916666667,9.916666667,9.916666667,9.916666667,9.916666667,9.916666667,9.916666667,9.916666667,9.916666667,9.916666667,9.916666667,9.916666667,9.916666667,9.916666667,9.916666667,9.916666667,9.916666667,9.916666667,9.916666667,9.916666667,9.916666667
154,female,5.716633333,9.833333333,12.80000333,8.383333333,8.783336667,10.81663333,9.333333333,7.833333333,9.133333333,10.16666333,6.466666667,4.799966667,9.383333333,9,11.1,11.36666667,8.666666667,8.333333333,8.716666667,7.916666667,8.7
155,male,6.833296667,7.5,4.5833,10.33333333,5.25,9.333333333,6.800033333,5.8333,4.916666667,5.833366667,6.249666667,6.333333333,5.25,5.166666667,3.333266667,7,7.416666667,7.666666667,6.5,7.333333333,5.416666667
156,male,6.6667,8.4167,7.999966667,9.500033333,9.083666667,9.58333,8.833336667,6.416666667,9.383336667,10.33336667,11.25,8.500033333,7.916663333,7.9167,8.25,8.916633333,10.00003333,8.75,8.916633333,8.666696667,6.916666667
157,female,3.916666667,7.333666667,11.91666667,6.833333333,3.333333333,6.916633333,8.083333333,7.0833,7.8333,13.5,8.25,8.75,1.8333,6.666633333,5.166633333,4.250333333,8.333333333,7.25,6.250333333,3.249966667,6.749966667
158,female,8,7.5,6.75,6.666666667,6.666666667,7.5,6.166666667,8.25,9.666666667,7.166666667,7,7,6,6.666666667,7.25,7.5,7,6.5,8.25,8.416666667,9.5
159,female,5.833333333,5.666666667,6.666666667,2.916666667,4.666666667,3.75,8,1.916666667,7.166666667,6.416666667,5.500033333,18.5,4.1667,2.916666667,5.3333,8.166666667,6.250033333,5.666666667,4.999966667,5.749966667,4
160,female,2.25,7.333333333,7.416633333,10.16666667,9,6.25,6,7.25,6.68333,6.25,4.183333333,10,9.833333333,6,7.5,7.166666667,7,7.666666667,6.5,8.75,2.5
161,female,8.5,7.5,12.41666667,10.16666667,6.666666667,10.66666667,5.666666667,10.66666667,5.666666667,11.66666667,9.75,6.5,10.5,5.5,9.666666667,5.666666667,11.66666667,10.66666667,5.666666667,9.666666667,5.666666667
162,female,21.91666667,22,22,20.91666667,20.83333333,21,21,20.91666667,21,21,20.91666667,21,21,20.91666667,21,21,21,20.91666667,21,21,21
163,male,6.75,5.5,7.416666667,4,10.91666667,7.499966667,9.750003333,3.75,10.5,6.916666667,8.000003333,4.25,7.416666667,10.16666667,3.25,7.75,7.333333333,8.333333333,3.75,8,6.416666667
164,female,9.333333333,6.083366667,8.166666667,4.95,4.583266667,5.799966667,7,9.966666667,8,6.45,8.416666667,6.333366667,10.63333667,7.25,6.250033333,11.41666667,5.666666667,4.466666667,7.716666667,7.249966667,7.416663333
165,male,7.749966667,7.749966667,8.166666667,7.583336667,6.916666667,8.166633333,7.583666667,7.999966667,7.749966667,7.749966667,7.9167,8.583336667,8.916666667,8.083666667,7.666666667,8.416666667,8.333666667,7.083266667,7.583366667,9.416666667,9.416666667
166,male,7.900066667,8.416666667,8.833333333,8.916666667,8.25,7.750033333,6.916633333,8.749966667,7.916633333,7.333333333,9.083333333,6.5,8.416633333,8.083366667,7.249933333,8.166633333,8.166666667,7.166333333,7.333333333,6.833333333,20.41663333
167,female,7.166666667,7.833333333,10.33333333,8.416666667,6.333333333,6.833333333,5.916666667,6,5.499966667,10.33333333,8.833366667,11,6.833366667,6.333333333,5.166733333,6.749966667,8.666666667,8,5.75,5.75,5.916666667
168,female,8.5,6.250033333,8.250003333,7.1667,5.916633333,6,6.999996667,8.33337,9.250033333,7.116633333,8.800033333,7.833333333,7.833336667,9.416666667,9.583333333,7.666663333,8.25,5.750066667,9.949966667,7.58333,8.333333333
169,female,5.966666667,8.266636667,11.03303333,7.633,6.266666667,12.03333333,4.9167,9.666666667,6.499966667,8.466666667,8,9.516333333,5.116666667,8.5,7.966666667,5.916666667,8.166633333,11,8.083333333,6.666333333,9
170,female,6.583333333,7.716666667,4.616733333,8.400036667,6.166633333,7.08333,7.049996667,7.75,8.2834,8.15003,9.16667,8.000003333,7.2,7.916633333,9.549966667,9.61667,9.11667,7.933333333,9.5,10.65033667,5.083333667
171,female,7.8,4.1834,8.783333333,7.749963333,6.833333333,8.1,9.399996667,4.316633333,16.7334,6.3,7.216666667,9.9,5.86667,6.516663333,4.633266667,7.5167,9.5337,5.350033333,5.333333333,6.2167,6.750033333
172,female,7.8223,6.799966667,10.5055,12.032,6.8278,7.824966667,7.816633333,6.824966667,6.8278,10.00833333,7.952833333,7.824966667,8.324966667,6.8278,6.830466667,6.8278,10.0055,10.51383333,6.816633333,7.824966667,6.8278
173,male,8.3333,7.666633333,6.749966667,11.91666667,8.166633333,13.66666667,5.749966667,9.749966667,7.666633333,11.33333333,11.91666667,13,4.8333,0.8333,5.749966667,10,11.91666667,7.749966667,8,4,9.95
174,male,6.1667,5.750033333,5.2166,4.9167,3.249966667,4.1,4.9167,6.716633333,5.416633333,7.916666667,4.083366667,6.083333333,3.5833,4.25,3.833266667,7.75,6.499666667,3.5,5,3.25,6.583333333
175,male,5.383333333,5.166666333,4.166633667,8.000033333,9.21663,7.916666667,8.250036667,7.833366667,4.250003333,5.833366667,6.583366667,5.250033333,8.16663,8.166666667,5.899996667,4.749996667,4.583333333,3.5,7.749996667,8.349996667,6.999966667
176,male,19.91666667,20.91666667,6.916666667,21.91666667,9.916666667,5.916666667,7.166666667,10.66666667,4.916666667,10.91666667,10.91666667,10.91666667,9.416666667,10.41666667,7.916666667,21.91666667,9.916666667,9.916666667,19.91666667,6.916666667,6.916666667
177,male,6.416666667,8.5,11,7.75,5.0833,8.333333333,6.833333333,6,7.166633333,6.9167,7.25,7.333366667,5.416666667,9.666666667,6.916633333,7.083333333,6.583333333,10.75,8.333333333,7.166666667,6.833333333
178,female,8.783336667,8.333333333,9.116636667,9.233333333,8.6,9.18337,7.84997,8.783366667,4.716633333,8.249996667,8.783296667,10.58336667,4.449966667,10.71666667,8.86667,7.800033333,9.299966667,9.7333,8.383336667,7.750003333,8.316663333
179,female,20.75,5.3,6.5,6.983333333,8.916666667,8.800033333,9.9667,7.700033333,9.666666667,6.83333,5.833336667,9.066666667,9.8,9.833333333,10.09999667,7.666666667,7.250003333,6.33333,8.66667,8.4,5.4333
180,male,5.66667,8.666666667,7.5,7.666666667,5,11,9.583333333,3.25,7.3333,7,11.66666667,12.66666667,13.16666667,6.25,11.75000333,7.333333333,6.833333333,10.1667,0.25,9.25,10.58333333
181,male,9.333333333,11.5,13.91666667,7.5,3.916666667,8.166666667,4.75,7.75,8.333333333,7.833333333,9.833333333,7.5,7.333333333,5.333333333,9,3.5,9.666666667,11,9.5,7.833333333,7.833333333
182,female,5.166663333,5.916666667,6.250033333,7,4.750003333,6.3333,5.666696667,6.083336667,5.749966667,6.083303333,4.4167,5.41667,5.583303333,5.666633333,5.916663333,6.25,7.0833,5.9167,6.666666667,6.583366667,4.000003333
183,female,5.166666667,9.25,3.5,2.333366667,5.6666,7.833333333,5.583333333,2.166733333,9.749996667,2.999966667,6.166366667,4.166633333,4.000033333,5.000333333,4.416666667,4.583366667,3.916633333,6.416633333,6.25,4.666733333,4.5
184,female,9,11.95,9.416666667,12.58333333,9.166666667,8.583333333,9.466666667,10.96666667,6.166666667,10.25,11.01666667,7.866666667,9.75,10.33333333,10.75,8.866666667,7.366666667,11,8.3,10.23333333,9.466666667
185,male,6.666666667,8,9.083333333,7.666666667,9.583333333,6,10.1667,6.916666667,8,1.75,9.833333333,6.833333333,7.5,7.5,7.5,6,3.333333333,5.333333333,9,8,7.5
186,female,5.333366667,7.033,8.666666667,10.73366667,3.233366667,6.2497,6.249967,6.4997,15.79966667,4.250033333,5.1667,6.733333333,4.833333333,6.000033333,7.350033333,6.083333333,5.616633333,7.9,3.500033333,6.733366667,3.7334
187,male,10.58333333,8.333333333,9.916666667,9.25,9.75,8.833333333,8.916666667,5.416666667,9.166666667,-12.39999967,16.75,8.583366667,5.75,7.75,8,6.333333333,12,12.16663333,8.583333333,7.75,9.666666667
188,female,7.833333333,6.916666667,7.75,6.5,8.666666667,7.5,10,7.333333333,7.666666667,7.916666667,9.166666667,8.166666667,9.25,8.25,6.166666667,7.666666667,7.083333333,10.08333333,7.916666667,8.416666667,9.25
189,female,6.333333333,-0.166666667,8.833333333,-0.166666667,5.166666667,7.166666667,6,6.333333333,7.833333333,8,23,6.833333333,6.833333333,6.333333333,6.333333333,9.833333333,7.666666667,7,7.5,8.5,7.5
190,female,9.75,8.25,9.4,6.2167,9.583296667,9.599996667,7.966666667,7.833303333,7.666666667,8.916666667,8.416666667,7.1667,8.15,7,7.25,7.666666667,7.333333333,8.25,8.416666667,8.75,8.75
191,female,6.833333333,6.499966667,8.133333333,7,7.366666667,7.2167,9.1667,8.666666667,7.85,8.466633333,7.349966667,8.016666667,8.29997,7.750033333,9.15,7.799966667,8.8333,7.749966667,7.7833,8.250003333,7.3167
192,female,9.616633333,5.583366667,10.8,7.666663333,9.166666667,6.500036667,10.05,5.583366667,8.3833,7.366666667,8.233,4.833333333,10.55003333,6.3,6.9667,7.533366667,11.66666667,7.450033333,4.0167,10.48336667,4.383333333
193,male,7.433333333,5.266666667,8.566366667,5.2833,10.1833,8.9503,8.649996667,5.13337,9.216667,7.6167,7.599966667,9.6,7.900033333,8.35,7.066633333,9.4167,9.983,7.533366667,6.9833,8.7997,6.35
194,female,4.833333333,5.833333333,9.75003,7.833333333,9.75003,5.683366667,3.5,9.916666667,3.833333333,9.833003333,9.583003333,6.6,1.833333333,7.75,3.916666667,5.833333333,9.75,5.916666667,6.916666667,7.916666667,6
195,female,7.0833,7,9,8.916666667,6.916666667,6,3.833333333,5.833333333,5.75,7.416666667,6.166666667,8.416666667,7.666666667,5.916666667,8.25,4.5,7.333333333,6,6.666666667,7,6.333333333
196,female,21.9163,10,9,8,9,12,6,6,12,9,10.33333333,10.66666667,11,9.333333333,17,13,7,6,7,12,11
197,male,7.5,12.41666667,7.75,8.2833,7.966633333,5.3333,8.0333,4.5,11.91666667,8.833333333,8,4.6667,7.833333333,9.5,6.333333333,12,8.000033333,3.333333333,8.5,6.833333333,8.666666667
198,female,13.2666,7.85,6.85,5.100033333,10.66666667,6.416633333,9.083333333,6.75,8,11.58333333,11.56663333,12.66666667,4.75,10.25,9.4167,8.083333333,13,9.083333333,6.600033333,7.183333333,5.166666667
199,male,6.75,7.616666667,4.3,7.783333333,8.916666667,7.616666667,4.25,9.5,8.933333333,4.433333333,8.5,6,11.43333333,5.416666667,6.916666667,6.2,6.966666667,3.916666667,11.03333333,5.433333333,4.466666667
200,female,9.833333333,8.833333333,8.833333333,8.833333333,5.25,7.333333333,9.666633333,9.916666667,9.083333333,7.333333333,7.5,9.800333333,9.833333333,8.833333333,10.58333333,7.833333333,7.716633333,8.500033333,6.666666667,10.33333333,7.416666667
201,male,8,6.333333333,8.833333333,8,4,7.5,6.5,10.66666667,7,9,9,7.75,8.916666667,9.25,5.833333333,8.083333333,7.75,8.833333333,8.5,7,7.5
202,female,7.499963333,10.31666667,6.416636667,5.716733333,6.583366667,7.366666667,9.25,10.83333333,2.916633333,5.916633333,10.99966333,7.8333,11.78363333,10.16666667,6.633333333,6.7337,5.166633333,5.499966667,3.750033333,6.633333333,7.849966667
203,female,5.966633333,10.36633333,8.667,7.133333333,5.233333333,6.83333,6.216666667,7.75,8.499966667,6.349966667,3.8,6.1333,5.75,6.966666667,9.40033,10.91667,7.633366667,9.466663333,7.7167,8.8,5.516733333
204,female,7.4333,9.7333,7.5,9.4833,3.65,8.1167,7.5167,7.15,8.5,8.48333,8.48333,5.7167,6.33333,5.7833,9.4833,9.64967,8.3333,8.4167,6.11667,6.81667,8.3003
205,male,6.083366667,6.500033333,7.666666667,7.083366667,5.5,6.4166,6.75,6.9167,3.9166,8.75,7.167,8.25,4.5833,6.8334,6.6667,7.4167,8.4163,2.4167,6.3333,5.3333,5.8333
206,male,9.866666667,9.8,8.916666667,6.95,5.866666667,9.9,10.93333333,10.83333333,6.816666667,5.716666667,5.75,10.86666667,10.91666667,6.833333333,5.9,5.85,9.783333333,7.833333333,6.8,10.93333333,10.9
207,female,7.3,7.516666667,10.83333333,6.249933333,5.4,6.583333333,6.766666667,5.25,6.0166,9.816666667,8.800003333,8.25,9.766666667,6.766666667,8.466666667,9.833333333,7.566663333,6.75,7.9,7.75,6.816666667
208,male,7.766733333,7.583366667,10.66666667,10.25003333,8.583333333,9.749933333,9.666666667,7.75,8.166666667,9.916666667,7.916733333,7.666666667,7.499966667,9.416633333,9.4167,9.0833,8.75,9.499966667,9.416666667,9.250033333,8.75
209,female,6.916666667,10,9,9,10,8,8,9.33333,5.6667,10.83333,11.5,10.5,6,7,6.916666667,8.5,9.5,8.916666667,8.66667,7.41667,8
210,female,5.000066667,9.416666667,7.75,7.8333,2.583366667,4.916666667,6,2.8333,10.08333333,10.33333333,12.16633333,9.583333333,5.083333333,7.833333333,8.3333,10.66666667,9.083333333,8.166666667,10.58333333,4.916666667,6
211,male,11.66666667,11.66666667,11.25,9.666666667,4.583333333,10.5,5.833333333,12.33333333,11.33333333,5.333333333,9.75,11.08333333,13.25,6.75,11.83333333,7.833333333,12.08333333,12.41666667,12.16666667,7.75,5.916666667
212,female,7,8.666666667,5.25,6.5,6.333333333,4.333333333,10.25,6.833333333,6.583333333,8.583333333,11.83333333,13.83333333,6.833333333,7,6.333333333,8.5,7.833333333,5.833333333,4.333333333,4.75,8.833333333
213,male,6.9333,8.5333,7.7167,7.46667,7.13333,6.4,7.05,7.2167,9.4667,7.2667,9.68337,1.9834,5.9167,6.83337,6.16667,6.8,7.4,5.78333,9.2,5.7833,7.1333
214,female,6.666666667,7.8333,2.666633333,10.25003333,8.166733333,5.833333333,9.167,6.583333333,10.583,8.333,5.083266667,8.117033333,7.416663333,8.33333,8.000003333,12.00000333,9.500333333,9.500333333,5.83333,6.333333333,5.333333333
215,female,5.449966667,9.1503,3.216633333,5.6834,9.8167,7.099666667,8.05,7.383333333,9.21667,7.533666667,8.7,5.083333333,5.066633333,4.066733333,6.3833,8.6003,7.283,6.9997,8.25,5.9663,6.916666667
216,female,7.25,7.416666667,7.166666667,8.833333333,6.416666667,6.416666667,6.916666667,6.916666667,9.133336667,3.783333333,4.216633333,4.316633333,6.249996667,6.299996667,8.666666667,6.999999667,5.383366667,7.449996667,7.299996667,5.533366667,5.833366667
217,male,4.916666667,5.416666667,4.216666667,5.966666667,5.383366667,5.350003333,5.350003333,6.95,9.45,7.916666667,9.416666667,6.916666667,6.716666667,9.716666667,6.916666667,6.966666667,5.95,3.916666667,7.916666667,5.916666667,5.933333333
218,female,6.5,7,7.75,7.03333,7.916666667,4.6167,7.166666667,7.5,8.033336667,7.166666667,5.416666667,8.75,7.583336667,6.666666667,6.999999667,7.75,7.533336667,8.416666667,4.999966667,7.416666667,7.083336667
219,female,9.566699667,9.666636667,8.983366667,7.800003333,10.18333667,9.716666667,8.783333333,7.26663,7.5333,6.583266667,9.550033667,9.116633333,8.7833,7.43333,8.7667,8.566700333,6.916666667,7.149963333,6.799967,10.66633333,11.33296667
220,female,5.6663,7.1667,4.666633333,2,1.499966667,1.5833,5.249966667,5.683333333,-0.500033333,6.250033333,7.333366667,5.25,5.6667,5.250033333,8.25,2.749966667,4.9167,8.166666667,4.75,5.3333,3.1667
221,male,6.583333333,7.166666667,6.833333333,6.916666667,7.75,7.666666667,7.916666667,7.833333333,7.5,7.166666667,7.333333333,7.916666667,6.333333333,7.75,8.333333333,7.833333333,8,7.666666667,7,8.083333333,7.75
222,female,7,8.916666667,11.73333333,6.916666667,8.75,9.166666667,7.666666667,11,7.16667,12.83333333,12.99966667,8.983333333,11.48333333,8.5,9.5,10.45,11.91666667,12.5,7.983333333,7.983333333,5.166666667
223,female,6.333333333,6.916666667,6.916666667,6.416666667,8.916666667,8.333333333,8.333333333,5.333333333,6.75,8.416666667,8.416666667,7.666666667,6.166666667,7.333333333,5.333333333,7.166666667,4.833333333,8.833333333,5.833333333,6.833333333,7.833333333
224,male,5.25,6,7.5,6.5,8,8,6,6.5,6.25,7,6.5,10.5,8.5,6,6.5,6.5,7.5,5.5,6.5,8.5,6
225,male,9.916666667,8.583333333,9.633333333,10.16666667,9.866666667,8.75,8.5,8.416666667,9.083333333,10.41666667,10.83333333,8.666666667,9.75,8.416666667,8.166666667,8.433333333,9.616666667,9.683333333,9.216666667,8.866666667,8.75
226,female,6,6,9,7.333333333,7,8.666666667,8,6,6,9.25,6,6,6,6,6.583333333,6,9,6,8,8,7
227,female,8.9333,7.7667,4.366666667,7.750033333,7.300066667,3.8667,7.383333333,7.033333333,3.1,8.400033333,7.200066667,3.75,8.9167,7.666733333,4.299966667,6.783333333,5,3.383333333,7.100033333,7.5166,4.4167
228,male,6.333333333,7.583333333,4.75,12,5.8333,5.999996667,6.833333333,5.5,5.5833,9,9.833333333,3.666666667,6.5,7,5.583333333,6.166666667,5.5,4.333333333,5.916663333,5.916666667,4.083333333
229,female,4.75,7,8.4167,8.75,5.333333333,5.75,4,7.916333333,4.25,7.5,6.25,5,6.5,3.25,8.5,4,5.833333333,6.25,5,5,-1.166666667
230,female,8.083333333,9.25,8.416666667,9.25,6.750003333,8,7.83333,8.5,8.666666667,9.5,8.333333333,6.083336667,6,7.75,8.833333333,7.75,8.75,8,7.916666667,8.416666667,8.5
231,male,5.366633333,5.166633333,6.950036667,5.833296667,2.8667,6.083266667,5.9666,5.8167,7,4.233266667,6.133366667,5.0833,5.0667,6.666666667,5.799966667,5.299933333,5.400066667,5.5167,4.216633333,4.1834,5.1
232,female,9.166666667,8.45,8.149666667,9.283,9.933333333,9.799966667,20.41666667,9.7837,9.2833,7.466666667,8.916633333,8.883366667,9.75,8.666666667,7.95,8.783,9.95,10.96666667,11.00000333,9.516666667,4.916666667
233,male,4.816666667,6.8167,6.4667,3.316633333,5.983333333,4.133333333,5.216666667,5.233333333,5.966666667,5.800066667,7.316633333,7.649666667,9.316633333,7.316666667,5.9833,5.9,6.816633333,7.316633333,6.4833,6.066666667,10.31666667
234,female,10.41666667,5.333366667,10.5,11.667,8.166703333,8.499933333,6.916663333,10.00000333,5.3334,8.5,9.750003333,6.833333333,7,9.500333333,7.583366667,6.5833,7.999966667,8.8333,5.5,10.75,4.749966667
235,male,7.466666667,10.41666667,7.95,9.966666667,9,9.333333333,6.883333333,8.916666667,11.4,10.96666667,8.917,5.333333333,9.916666667,6.95,6.833333333,10.41666667,6.95,10.75,6.966666667,9.483333333,8.916666667
236,male,6.5,6.6666,8,6.5,5,5.5,5.1667,6.3333,8,7.75,7.6667,6.8333,5.9166,7,6.6667,7.6667,7.58333,7.66667,6.5,6.16667,7.5
237,female,8.916666667,7.833333333,10,9,7.416666667,9.166666667,9,9.000003333,9.41667,7,6.583333333,7.633333333,6.533333333,5.999996667,8.25,7.883366667,9.199996667,10.53333333,7.25,5.81667,7
238,female,7.75,7.25,7.5,6.083333333,8.333333333,7.333333333,7.0833,6.55,7.833333333,5.916666667,6.916666667,5.45,8.833333333,9.366666667,8.366666667,8.916666667,6.333333333,7.466666667,10.65,6.883333333,7.833333333
239,female,1.916633333,2.199666667,23.30033333,5.966966667,2.050333333,23.733,5.25,22.333,3.716333333,3.616333333,22.05,1.234,1.683366667,1.2497,1.2497,4.017033333,1.066333333,0.049966667,-0.5,4.633666667,0.499666667
240,female,6,6.366666667,9.016666667,7.016333333,5.433336667,6.666666667,6.133333333,5.683336667,5.916663333,7.016666667,6.149966667,7.849966667,6.750033667,5.9833,7.55,7.45,7.333333333,3.150033333,7.816633333,9.55,5.916666667
241,female,7.24997,7.650033333,6.766633333,5.383303333,9.699966667,5.449963333,6,1.666633333,4.5,11.24967,11.33366667,9.332996667,8.916666667,5.1666,8.966633333,10.16663333,7.6333,10.61666667,9.49967,6.499996667,10.90006667
242,male,6.8,7.166663333,12.3,7.716666667,8.716666667,7.666666667,9.633333333,7.7,10.49996667,10.08333333,11.16666667,9.766666667,10.75,11.83333333,8.466633333,7.166666667,9.16667,11.44996667,11.7,10.05,11.6
243,male,9.166666667,8.05,8.966666667,3.583333333,7.583333333,8.166633333,7.750033333,5.833333333,9.55,7.833333333,6.1,7.616666667,6.083366667,5.766966667,8.417,8.799966667,8.5333,4.583333333,6.8333,8.516633333,6.616333333
244,female,9.25,11.66666667,5.083333333,10,11.41666667,10.16666667,6.5,7.666666667,7,6.5,9.666666667,11.66666667,8.750033333,6.083333333,5.916666667,3.75,5.1667,8.416666667,4.999996667,5.75,5.5833
245,female,7,7,7.583333333,5.666666667,5.3333,7.5,5.333333333,7,7.666666667,8.666666667,11.5,8.333333333,7.75,7.25,4.6667,7,8.25,9.666666667,8.25,9.333333333,6.416666667
246,female,5.833333333,10.58333333,10.41666633,11.58333333,5.416666667,6.5,9.533336667,7.250033333,10.25,6.250036667,7.6,6.9333,8.05,7.8667,5.916666667,8.250333333,9.766666667,10.16666667,5.666666667,8.166666667,7.633
247,female,4.416666667,8.466633333,8,9.149966667,8.6667,6.25,3.783333333,6.666666667,8.2167,12.2,9.766666667,8.750033333,6.499966667,7.999996667,6.25,8.9667,8.416666667,7.916666667,8.5,6.583333333,7.666666667
248,male,6.8833,6.416666667,10.08336667,5.916666667,9.75,8.583333333,8.5,8.583333333,9.500003333,7.416666667,9.416666667,10.25,10.41666667,10.41666667,8.666666667,9.416666667,2,13.25,8.583333333,8.416666667,5.25
249,male,7.916666667,8.166666667,8.416666667,9.083333333,8.333333333,7.833333333,8.916666667,8.416666667,7.333333333,7.416666667,9.75,8.333333333,8.083333333,7.916666667,8.916666667,8.416666667,6.25,8.833333333,7.916666667,8.666666667,7.833333333
250,male,6.75,5.583333333,7.75,6.166666667,7.666666667,7.166666667,6.666666667,7.583333333,7.25,7,7.333333333,6.583333333,6,5.75,7.166666667,7.416666667,4.583333333,7.333333333,7.416633333,7.25,6.416666667
251,male,8.75,7.65,8.133333333,9.05,9.25,8.583333333,9.083333333,9.083333333,8.75,6.833333333,6.916666667,10.91666667,10.41666667,8.75,8.833333333,9.25,8.416666667,8.166666667,8.083333333,8.083333333,8.25
252,female,9.833333333,9.75,11.25,11.16666667,10.16666667,9.583333333,9.5,10.33333333,10.83333333,12.25,11.16666667,10.66666667,10.66666667,9.583333333,10.16666667,11.25,12.25,10.08333333,10.08333333,9.583333333,10.16666667
253,female,7.749963333,8.583333333,7.59997,8,7.683366667,7.63337,7.916633333,7.633363333,7.600003333,8.116666667,8.10003,7.783363333,7.69997,8.2833,8.16663,9.166696667,7.85,9.83337,7.716666667,8.23333,7.883363333
254,male,7.916667,8.083266667,8.416966667,6.583666667,8.000033333,7.916633333,8.916666667,7.916666667,6.916666667,6.916666667,7.916666667,8.166666667,7.916666667,9.333333333,7.166666667,7.916666667,7.416666667,8.166666667,7.583366667,6.916666667,8.333333333
255,female,9,9.416666667,11.05,12.36633333,10.83333,10.58333333,11.15033333,8.13333,10.40033,12.13366667,10.26663667,10.50033,8.683336667,12.3663,9.766663333,6.450366667,6.966666667,9.383333333,12.066667,10.51663333,12.417
256,female,4.333333333,7.249966667,6.883266667,6.95,9.183300333,7.916333333,6.4167,3.7167,0.649966667,11.94999667,5.799966667,18.15033333,5.233336667,7.2167,3.899966667,5.783,12.03336667,4.5333,3.850033333,21.81696667,5.666666667
257,male,7.833333333,8.833333333,10.83333333,8.9,8.333333333,7.966666667,7.833333333,7.333336667,6.916666667,9.416666667,13,10.58333333,9.333333333,7.416666667,7.75,7.416666667,8.116666667,10.66666333,9.033336667,8.499996667,7.749996667
258,female,8.916666667,8.833333333,9,9,9.5,10,10.08333333,8.916666667,8.916666667,8.95,9,9,9.833333333,9.083333333,9.166666667,8.883333333,8.916666667,8.833333333,9.916666667,9.983333333,8.833333333
259,female,7.5,8.166666667,8.833333333,8.666633333,9.583333333,9.25,7.083333333,9.666666667,9.666666667,9.833333333,10.25,8.33333,7.16667,8.666666667,8.333333333,8.166666667,8,6.666633333,8.24997,7.666666667,7.7833
260,female,8.833333333,8.416666667,7.916666667,5.0833,7.25,5.416633333,9,8.833333333,7,9.916666667,4.8333,8.333336667,5.749966667,8.666666667,7,8.916666667,6.416633333,7.333333333,6.749966667,8,7.5
261,female,6.25,11,8.666666667,6.166666667,8.333333333,6.333333333,9.333333333,7.416666667,8.75,8.666666667,10.5,10.75,8.25,9,7.583333333,7.083333333,9,7.666666667,6.416666667,6,8.833333333
262,female,8.5,8.333333333,11.75,8.583333333,9.333333333,5.333333333,9.416666667,8.916666667,10.83333333,6.666666667,7.833333333,5.666666667,8.166666667,6.333333333,8.166666667,7.416666667,7.583333333,6.583333333,7.25,6.583333333,8.416666667
263,female,8.833333333,9.166666667,8.833333333,8.75,7.833333333,7.000033333,7.166666667,8.666666667,8.833333333,8.083333333,6.833333333,6.083333333,5.083366667,6.25,5.833333333,5.333333333,9.000033333,7.166666667,5.916666667,4.333333333,5.333333333
264,female,6.833333333,8.916666667,7.833333333,7.833333333,8.833333333,8.75,8.833333333,8.916666667,8.916666667,5.916666667,7.916666667,10.91666667,6.833333333,6.75,6.5,6.833333333,4.833333333,5.916666667,12.83333333,8.833333333,8.833333333
265,male,6.833333333,7.35,7.3,6.716666667,7.166666667,8.199966667,7.85,7.1833,7.4833,8.283333333,7.4667,7.266633333,9.1833,7.883366667,8.05,9.066666667,5.5833,7.0166,7.5667,8.366666667,7.133333333
266,male,8.600333333,9.066666667,5.349666667,6.733333333,4.1667,5.749966667,4.916666667,7.0333,6.383333333,5.1163,7.966666667,8.4,4.7,6.05,8.666666667,7.35,5.333,6.800366667,4.683366667,6.1,6.183366667
267,male,8.083333333,6,10.33333333,10.08333333,6.416666667,8.333333333,6.916666667,8.666666667,6.083333333,10.25,11.08333333,5.583333333,7,9.5,8.166666667,5.666666667,9.166666667,9.666666667,5.833333333,8.583333333,9.333333333
268,male,13.33333333,6.166666667,12,9.416633333,12.50000333,9.2,10.83333367,8.3333,9.25,11.5,8.416666667,9.833333333,11.58333333,8.666666667,8.166666667,8.75,7.166666667,9.416666667,9.833333333,11.08333333,10.25
269,male,9.266663333,8.16667,6.883333333,7.233366667,6.916703333,6.533336667,7.6833,6.949966667,7.383303333,10.88363333,9.95,12.43336667,9.216666667,10.68326667,8.999996667,7.049966667,13.23366667,10.05,9.5833,9.033296667,8.383299667
270,female,9.5,8.733366667,10.167,9.900333333,5.883333333,9.75,5.116666667,10.31666667,8.500036667,6.999966667,11.33333333,5.833363333,6.7,4.25,11.75,8.333333333,8.5,6.000033333,9.0833,6.083333333,4.333333333
271,female,10,9,9,4,4.833333333,9.5,5.833333333,10.33333333,11.83333333,8,7.833333333,8.333333333,7.166666667,6.666666667,7.666666667,8,9.833333333,9.666666667,6.666666667,5.833333333,9.666666667
272,female,6.666633333,8.5833,8.416336667,4.416666667,6.249966667,6.33333,9,6.9166,9.999996667,8.9167,2.666633333,5.749966667,6.250066667,8.133333333,6.999966667,8.6833,9.75,7.016666667,7.833366667,6.666666667,6.466663333
273,female,7.916666667,7.833333333,7.833333333,10.83333333,8.833333333,9.916666667,9.916666667,9.916666667,7.833333333,9.833333333,11.83333333,8.916666667,9.833333333,9.833333333,8.833333333,8.833333333,8.833333333,11.83333333,9.916666667,9.916666667,8.916666667
274,female,6.88333,7.433333333,3.5,9.116666667,8.000003333,7.66667,8.166663333,8.499999667,7.25,6.9167,9.5,9.150003333,9.0833,5.950033333,9.083336667,8.66667,7.833333333,7.33333,7.716663333,7.3333,5.983366667
275,female,7.5503,8.30003,9.13337,8.166696667,6.383366667,5.516733333,7.716666667,7.649996667,8.933366667,6.716633333,7.949966667,8.0333,7.933336667,6.833333333,8.533303333,9.083296667,4.5667,6.216666667,6.450033333,7.016666667,9.783366667
276,female,8.3167,7.849966667,6.0833,7.5833,7.666666667,7.8833,7.116666667,7.833333333,8.316696667,7.000033333,7.250033667,8.45,8.850036667,5.249933333,8.0833,8.967,8.01667,9,9.082996667,8.916696667,6.500033333
277,male,1.783333333,7.416666667,12.56666667,9.783333333,8.383333333,1.183333333,1.816666667,0.933333333,6.383333333,9.633333333,8.233333333,8.516666667,2.75,5.966666667,1.3,6.683333333,3.383333333,9.566666667,8.183333333,2.433333333,6.75
278,female,4.833366667,8,9,8.916666667,7.25,7.583333333,9.5,6.75,7.333,9.833333333,10.91667,9.25,9.000033333,10.5,6.4167,9.416633667,9.2497,9.916663333,8.5,6.583333333,7.416633333
279,female,6.066666667,6.816633333,10.00036667,7.25,10.08333333,6.333366667,8.416666667,7.249966667,7.75,8.083336667,9.783666667,9.749666667,5.416633333,7.8333,6.249966667,4.333333333,7.25,8.8333,7.416666667,8.083333333,7.333333333
280,female,7,6.416666667,6.966666667,9.766666667,6.166666667,6.416666667,7.933333333,5.466633333,6.45,5.933333333,7.916666667,7.783333333,5.9,4.933333333,6.966666667,6.866666667,5.833333333,10.4,8.25,5.933333333,3
281,female,7.666666667,5.566633333,4.416666667,7.333333333,7.049966667,7.683296667,6.233333333,6.849966667,10.0166,7.5833,5.95,5.26663,6.933366667,7.750033333,8.4833,9.1833,7.333333333,7.950033333,6.833333333,6.983333333,7.850033333
282,female,9,7.583333333,8.666666667,13.83366667,6.916666667,6.166666667,5.999966667,9.583333333,7.166633333,7,13.08296667,7.583366667,7.33337,7.083333333,8.416666667,9,4.5,9.5833,7.916633333,7.3333,7.833333333
283,male,6.55,3.916666667,9.016633333,6.1667,7.533366667,8.65,6.9333,7.333333333,6.783333333,6.416666667,8.833333333,7.099666667,5.999966667,6.700033333,7.033366667,3.383333333,7.816666667,9.783333333,6.8,6.666633333,6.8667
284,female,6.65,9.266666667,7.9333,5.93333,3,4.5,7.166666667,2.25,9.416666667,6.916666667,6.916666667,6.583336667,8.333333333,5.416700333,4,11.0833,5.5,0.016667,17.91666667,5.5,12.91666667
285,female,8.666667,8.98333,5.166633333,7.083363333,3.8834,7.283333333,6.149966667,1.6667,6.783366667,11.30033,8.049996667,7.350033333,6.1,9.983336667,6.800033333,9.283366667,5.066633333,2.866666667,5.183366667,6.283333333,7.150066667
286,male,8.666666667,8.749966667,10.24999667,7.3333,9.083333333,5.083333333,6.666633333,10.50003333,5.583366667,10.58333,9.416633333,7.416633333,5.666666667,8.500033333,9.083333333,6.833333333,8.000033333,8.166666667,7.166666667,5,7.333366667
287,female,11.66633333,5.25,11.45033333,9.633,12.2,5.416666667,10,5.833333333,8.666666667,8.916666667,7.916666667,3.833333333,11.66666667,9.416666667,8.5,9.583333333,7.416666667,9.916666667,9.166666667,10.41663333,10.66666667
288,male,8.5,7.416666667,8.416666667,9.5,5.916666667,5.5,6.916666667,10.91666667,8.75,6.5,11,7.25,6.75,9.75,5.916666667,5.5,9.25,9.5,9,8.5,7.25
289,female,8.816633333,8.5833,10.63366667,8.133366667,8.816666667,7.600066667,7.916666667,8.266633333,9.88337,8.966703333,10.59999967,6.800003333,7.416633333,5.833336667,7.016636667,8.449966667,8.949666667,6.999966667,7.75,8.1833,7.05
290,male,4.083333333,6.916666667,8.416666667,6.166666667,7.583333333,8.666666667,6.916666667,6.5833,6.55,8.1,7.616666667,7.099966667,10.2,7.300033333,7.5,5.750033333,10.16666667,11.5,7.716333333,10.08333333,6.749966667
291,female,9.166666667,8.666666667,9.75,9.416666667,9.166666667,7.749166667,7.833333333,7.916666667,8.331666667,9.166666667,9.666666667,8.833333333,9.333333333,8.166666667,8.833333333,7.833333333,8.666,8.75,8.166666667,8.333333333,7.833333333
292,female,7,6.25,10.58333333,10.5,10.75,10.41666667,11,9.083333333,10.66666667,6.916666667,10.66666667,10.5,8.25,9.833333333,8.25,7.833333333,3.916666667,11.75,9.5,8.666666667,8.58333
293,female,9.566966667,10.34963333,9.966336667,9.51663,10.74966667,11.6337,11.21666333,10.95,9.117,9.01667,10.43336333,12.11633367,9.749933333,11.19967,11.2667,10.96666333,9.816663333,11.56666667,8.9,11.48337,10.20033333
294,female,8.583333333,7.833333333,10.66666667,8.666666667,8.5,8.666666667,8.833333333,8.833333333,6.75,10.16666667,10,9.666666667,6,8.666666667,7.5,7,11.5,9.666666667,7,7.916666667,6.833333333
295,male,10.58333333,8.416666667,8.583333333,9.416666667,8.5,10.75,10.66666667,10.66666667,7.75,7.8333,8.3,7.5833,10.75,10.71666667,10.75,8.000033333,8.000033333,9.5,8.416666667,10.75,10.83333333
296,female,7.083333333,8.333333333,5.916666667,8.333333333,5.083333333,6.666666667,5.083333333,6.333333333,8.25,8.583333333,7.916666667,4.75,7.083333333,4.666666667,6.5,7.666666667,8.833333333,8.416666667,7.166666667,8.916666667,7.416666667
297,female,5.833336667,6.75,4.9167,7,4,8.5,5.0833,5.5,9.416666667,6.166666667,5.833336667,4.5833,4.5833,3.583266667,6.249966667,6.749996667,7.416666667,6.1667,7,6.8333,5.166666667
298,male,7.583333333,8.616663333,11.83366667,12.16666667,9.383333333,7.916663333,8.75,8.416666667,8.583333333,11.5833,12.08333333,9.9833,8.8,9.749966667,12.25,11.08333667,9.900033333,8.999966667,9.6667,9.166633333,10.08333333
299,female,9.466666667,11.31663333,7.249966667,4.983333333,5.999966667,7.366667,6.2167,6.816633333,7.649963333,7.316666667,6.583266667,7.2,5.816633333,4.466666667,4.150033333,10.65003333,5.416666667,15.41666667,6.466666667,5.1167,6.633366667
300,female,6.083333333,7.0833,8.083333333,9.833333333,5.99997,6.5833,3.8333,11.08333333,6.999966667,8.25,8.833333333,8.5,8.583333333,6.58333,8.166666667,9.833333333,11.5,11.33333333,6.916666667,7,11.5
301,female,2.5,9.916666667,7.75,9,7.583333333,8.75,8.666666667,6,10.91666667,9,10,10,7.666666667,8.833333333,9,9.833333333,8,7.25,8.833333333,8.75,9
302,female,6.7167,9.633333,5.433333333,11.61666667,7.699966667,6.700033333,7.0333,7.666666667,7.6833,13.33336333,15.90003,9.400036667,5.816633333,6.966663333,6.78333,7.8833,11.03336333,10.71673333,5.76663,6.1833,6.9834
303,male,8.75,9.833333333,10.25,9.333333333,8.583333333,7.333333333,9.25,6.416666667,6.75,8.833333333,11.16666667,9.583333333,8.666666667,9.666666667,7.083333333,8.916666667,7.5,10.66666667,9.666666667,8.833333333,8.916666667
304,male,6.5,6.583333333,7.416666667,7.166633333,7.083333333,5,5.083333333,8.083333333,8,8.916666667,7.083333333,7.333333333,6.166666667,4.833333333,6,8,7.5,8.916666667,5.833333333,6.333333333,5.833333333
305,female,8.133333333,8.3,7.166666667,8.583336667,7.750003333,10.15,8.9833,8.833333333,8.25,7.649966667,8.416666667,8.96667,8.91663,6.25,7.983333333,7.916666667,8,6.25,10.25,12.13333333,10.33333333
306,female,6.75,6.166666667,6.25,6.166666667,6.833333333,9.333333333,8.25,6,6.5,5.5,6.166666667,7.25,6.25,6.666666667,6.25,9.333333333,5.583333333,6.75,9.333333333,8.166666667,8.083333333
307,male,4,5,8,4,6,5,4.8333,6,3.5,5.75,17.75,9,7,4.75,7,7,8,7,3,6,2.5
308,female,7.8333,4.166666667,10.833,8.5833,4.5,7.75,5.166666667,6.75,5.25,8.25,7,3.5,9,8.916666667,9.5,6.5,9.417,6.5,6,9.25,7.583366667
309,male,22.66666333,5.833333333,11.83333333,6.11667,8.916666667,10.91666667,10.28333,6.083336667,10.83333333,5.966666667,11.95,13.83333333,9.249996667,9.916666667,5.95,9.966666667,7.883333333,9.933333333,3.95,8.416666667,9.833333333
310,female,9.083333333,8.666333333,7.5,9.75,5.75,6.916666667,8.666666667,9.416633333,8.25,9.166666667,6.666666667,8.0833,8.333333333,6.083333333,6.333333333,8.166666667,8.5,9.666666667,5.583333333,6.916666667,7.5
311,female,7.5,7.83333,8,9,10,12.58333333,13.3333,8.750003333,10,8.916666667,8.916666667,8.916666667,10.16666667,6.333333333,9.4,7.75,10.00006667,10.58336667,7.58337,10.08333333,7.916666667
312,female,5.5,6,9.5,9,6.5,8,5.5,6,6.5,6.5,8,8,10,13,5,7.5,9.5,12.33333333,6.5,8,5
313,male,20.5,18.28333333,17.6,16.917,18.51666667,16.417,18.2997,18.067,16.8497,17.08366667,16.86666667,18.5837,18.4503,19.4997,4.083333333,16.8337,17.16633333,18.75036667,17.5833,16.91633333,3.3333
314,female,4.916666667,10.33333333,10.83336667,5.916666667,9.666663333,6.833333333,7.416666667,4.483333333,5.416666667,7.416666667,5.166633333,6.166663333,3.933333667,5.249996667,4.916666667,4.916666667,6.416666667,9.916666667,9.916666667,5.333333333,2.666663333
315,female,11.33333333,8.583333333,8.916666667,5.66667,6,8.5,7,8.166666667,7.833333333,8.666666667,9,8.333333333,6,11.5,8.166666667,8,9,10.5,8,9.666666667,9.333333333
316,female,5.433333333,1.5,3.933333333,3.599966667,3.9333,2.9333,2.9333,2.9333,2.9333,2.9333,3.4333,3.4333,3.4333,4.299966667,3.033266667,3.499966667,3.1333,3.049966667,4.099966667,4.1667,4.049966667
317,female,7.6,6.6333,7.58333,4.5,5.1497,4.8837,21.85,8.7337,7.6667,3.2667,5.5834,6.9333,4.8166,3.9,7.1003,5.15,8.65,5.117,6.5337,21.133,5.9003
318,female,7.083366667,6.000033333,8.499966667,11.66633333,5.249966667,7.25,8.333266667,10.46636667,4.166666667,9.833366667,9.5337,7.083366667,4.249933333,8.1333,7.266633333,7.249966667,21.88366667,10.74963333,21.68266667,19.58296667,7.3003
319,male,2.183333333,10.3,1.916633333,13.30003333,5.950066667,0.8167,12.05,6.116703333,11.03333333,11.34999667,11.6503,13.7,1.966633333,13.0833,2.216666667,12.03366667,6.683266667,9.750333333,10.71700333,3.183333333,5.783366667
320,male,7.416666667,8.75,8.583333333,7.083333333,9.583333333,7.666666667,10.16666667,7.333333333,8.25,8.5,7.583333333,8.416666667,6.666666667,9.75,7.833333333,9.75,8.833333333,7.75,8.75,7.333333333,8.25
321,female,7.73337,6.467,8.25,7.25,6.416666667,11.83336667,20.967,8.132966667,7.883333333,9.416666667,6.633333333,8.2167,6.166666667,6.1667,9.6667,6.666666667,8.583,5.75,8.916666667,6.5,8.833366667
322,female,11.66666667,7.25,11,7.9167,6.833333333,8.666666667,15,11.08333333,8.5,8.75,9.583366667,11.41663333,7.916666667,9.833333333,13.83333333,7.666666667,7.100033333,12.33333333,12.74996667,10.41666667,13.5
323,female,10.41666667,10.16666667,8.75,9.75,9.416666667,9.116666667,8.916666667,9.083333333,10,10.5,12.58333333,10,10.25,10.08333333,12.08333333,11.91666667,12,12.25,11.58333333,10.66666667,10.08333333
324,male,6.533366667,5.783,7.55,6.45,11.41663333,8.25,8.366666667,7.15,5.066633333,8.416666667,9.616666667,10.33333333,9.783333333,10.24996667,8.2667,7.75,8.1,7.116666667,7.633333333,8.233333333,8.133333333
325,female,5.666666667,6.916666667,7.083333333,5.333333333,6.416666667,5.916666667,7.083333333,5.25,5.25,7.500033333,5.916666667,8.083333333,7.083333333,5.416666667,6.666666667,5.833333333,5.25,4.75,6.333333333,7.333333333,6.916666667
326,female,3.5,7.5,10,11.75,6,6.25,7.75,7,9,1.016667,0.016667,0.016667,8.833333333,8.833333333,10.83333333,5,3,2,5,6.5,5.75
327,male,11.55,4.833333333,1.416666667,10.63333667,14.25003333,13.75000333,7.500003333,7.416666667,7.75,6.383333333,9.3,5.583333333,14.03333333,10.21666667,10.66666667,10.66666667,9.916666667,8.083333333,5.4166,11.417,11.917
328,female,9.333333333,11.33333333,12.58333333,12.5,9.166666667,12.83333333,9.916666667,10.41666667,7.083333333,13.25,13.41666667,6.416666667,8.666666667,6.083333333,11.5,6.5,12.75,13.25,10.41666667,11.33333333,8.75
329,female,10.83333333,11.91666667,9.916666667,9.5,10.33333333,9.75,7.166666667,11.41666667,10.83333333,9.333333333,10.33333333,6.66667,10.33333333,10.16666667,9.833333333,9.333333333,5.833333333,10.66666667,11.83333333,7.333333333,7.833333333
330,female,8.933333333,4.349996667,8.25,6.666666667,8.416666667,4.08337,10.91666667,8.666666667,8.75,9.416666667,10.75,9.5,2.500003333,7.916666667,11.25,9.75,5.05,10.08333333,9.25,7.5,9.5
331,male,8.016667,8.833333333,7.1667,6.4,4.4666,10.15,6.099967,5.0667,6.75,6.7167,7.7,7.300033333,7.933366667,5.166633333,2.7667,5.3167,8.7667,5.0167,4.3167,9,3.883333333
332,female,7.63333,8.21667,6.2166,6.88333,7.3333,8.066667,5.883336667,8.000033333,8.5,9,8.88333,6.5,6.983333333,5.79997,7.3,9.5833,8.81667,6.133333333,8.11667,9.15,4
333,male,5.883333333,6.450036667,5.766366667,8.466633333,4.183333333,6.8,7.883333333,5.500033333,5.3333,8.732966667,4.149633333,11.066667,3.5167,3.4166,5.999933333,4.2167,5.867,4.616366667,4.9334,0.8,6.150033333
334,female,5.966666667,6.483333333,9.966666667,6.2833,5.633366667,5.650033333,6.799966667,7.833,9.150333333,7.45,6.466666667,6,7.149933333,6.3667,5.933333333,7.150333333,7.799966667,6.117,7.316633333,5.483333333,6.983333333
335,female,6.5,6,8.5,10.5,8.75,6,9,8.5,8,6.75,11,8.5,9.5,7.499966667,9,5,11.5,9.5,6.166666667,7,6.75
336,male,7.967,8.1667,6.233336667,10.3333,5.8333,8.883333333,6.55,7.25,8.9167,4.083333333,12.25,5.75,6.98333,6.8333,7.7,9.75,12.66636667,7.5833,6.25,8.466666667,6.75
337,female,6.416636667,5.966636667,9.416666667,7.0667,5.166666667,6.416666667,5.199966667,5.56667,8.916666667,6.149966667,7.866666667,5.9167,7.3333,6.75,6.833333333,7.199966667,10.38333333,5.9,6.633333333,5.41663,6.383363333
338,male,6.666666667,10.16666667,13.08333333,8.5,7,6.5,4.75,6,6.55,6.833333333,4.583333333,8.833333333,10.75,10,9.166666667,9.333333333,9.583333333,10.16666333,9.250033333,7.75,8.9167
339,male,5.249966667,6.883366667,8.066666667,8.049933333,6.6167,5.916666667,7.2,5.316666667,6.316666667,7.916633333,6.499966667,3.583366667,3.466666667,7.083366667,4.166666667,7.333366667,8.050033333,7.666666667,7.0167,4.483333333,5.549966667
340,female,5.316666667,9.549963333,9.233666667,3.583,5.6,6.0667,6.416666667,4.949966667,8.666703333,10.16667,9.6833,7.7833,5.816666667,7.11667,7.13333,3.1667,12.83367,10.0167,7.75,6.833366667,7.0333
341,male,5.25,4.166666667,8.05,5.75,6.033333333,5.9,8.616666667,2.75,7,5.95,9.116666667,3.4,8.95,7.65,4.75,8.45,6,6.7,8.65,6.95,6.95
342,male,9.63367,7.150003333,10.45,9.1333,9.366996667,9.850003333,9.332996667,10.08333,7.5,10.38333,9.400336667,9.91633,9.799996667,9.58333,9.666996667,7.666663333,9.917,11.31667,9.132996667,9.517033333,9.066996667
343,male,8.25,7.516663333,6.58337,7.6666,6.05,8.8833,8.2833,8.7,9.3166,7.16663,5.9167,8.5167,7.1833,7.3334,7.6666,10.9333,8.1334,5.73333,8.7666,9,7.75
