5.1333333,5.799996667,5.5,6.58333,8.066636667,6.86667,8.916666667,7.416666667,8.199966667,8.166666667,8.583333333,8.75,5.0167,11.21666667,9.75,7.499966667,7.333333333,7.5833,20.08333333,7.583333333,7.416663333,3.7,9.166666667,7.333366667,4.25,10,9.149966667,9.616666667,8.45,8.883366667,6,5.0833,10.58333333,8.217,4.75,7.75,5.366633333,4,8.5,10.91673333,6.466666667,6.666666667,5.999999667,9.75,2.5,8,7.716666333,8.333333333,7.299966667,9.166633333,3.666666667,3.583336667,6.666633333,8.416666667,7.25,11.25033333,5.833333333,6.666666667,5,7.116666667,9.350033333,8.116733333,8.533366667,10.25,8.916666667,4.233333333,7.833333333,6.400003333,6,10.66666667,8.166666667,22.35000333,8.95,9.2,9.416666667,10.48366667,9,8.583266667,8.233333333,9.866703333,10.65,7.750033333,6.06663,7.5833,5.049966667,5.46663,8.3667,7.250033333,8.166666667,5.5,5.383333333,9.599966667,7.25,5.733333333,1.7,5.66667,5.916666667,7.7,4.666666667,21.66666667,8.26667,9.549996667,6.916666667,7.183366667,12.33333333,7.5,6.066633333,6.999963333,7.5,6.616666667,10.91666667,6.25,7.75,8.583366667,5.183266667,8.383333333,19,10.16666333,5.5,9.416666667,4.5,7.633333333,7.75,8.25,8.916666667,8.25,7.166666667,11.16666667,7.5,9.416666667,8.583333333,8.0667,18.7333,9.849966667,9.2,5.666633333,9.016666667,6.766666667,6,5.833366667,12.16666667,6.666666667,6.75,7.9003,6,8.850033333,6.666666667,9.833333333,7.116696667,9.5,7.41667,5.55,9.916666667,5.716633333,6.833296667,6.6667,3.916666667,8,5.833333333,2.25,8.5,21.91666667,6.75,9.333333333,7.749966667,7.900066667,7.166666667,8.5,5.966666667,6.583333333,7.8,7.8223,8.3333,6.1667,5.383333333,19.91666667,6.416666667,8.783336667,20.75,5.66667,9.333333333,5.166663333,5.166666667,9,6.666666667,5.333366667,10.58333333,7.833333333,6.333333333,9.75,6.833333333,9.616633333,7.433333333,4.833333333,7.0833,21.9163,7.5,13.2666,6.75,9.833333333,8,7.499963333,5.966633333,7.4333,6.083366667,9.866666667,7.3,7.766733333,6.916666667,5.000066667,11.66666667,7,6.9333,6.666666667,5.449966667,7.25,4.916666667,6.5,9.566699667,5.6663,6.583333333,7,6.333333333,5.25,9.916666667,6,8.9333,6.333333333,4.75,8.083333333,5.366633333,9.166666667,4.816666667,10.41666667,7.466666667,6.5,8.916666667,7.75,1.916633333,6,7.24997,6.8,9.166666667,9.25,7,5.833333333,4.416666667,6.8833,7.916666667,6.75,8.75,9.833333333,7.749963333,7.916667,9,4.333333333,7.833333333,8.916666667,7.5,8.833333333,6.25,8.5,8.833333333,6.833333333,6.833333333,8.600333333,8.083333333,13.33333333,9.266663333,9.5,10,6.666633333,7.916666667,6.88333,7.5503,8.3167,1.783333333,4.833366667,6.066666667,7,7.666666667,9,6.55,6.65,8.666667,8.666666667,11.66633333,8.5,8.816633333,4.083333333,9.166666667,7,9.566966667,8.583333333,10.58333333,7.083333333,5.833336667,7.583333333,9.466666667,6.083333333,2.5,6.7167,8.75,6.5,8.133333333,6.75,4,7.8333,22.66666333,9.083333333,7.5,5.5,20.5,4.916666667,11.33333333,5.433333333,7.6,7.083366667,2.183333333,7.416666667,7.73337,11.66666667,10.41666667,6.533366667,5.666666667,3.5,11.55,9.333333333,10.83333333,8.933333333,8.016667,7.63333,5.883333333,5.966666667,6.5,7.967,6.416636667,6.666666667,5.249966667,5.316666667,5.25,9.63367,8.25
7.7,4.566636667,3.916633333,6.416696667,6.95,8.55,8.25,6.416666667,7.399966667,8.25,8.666666667,10.1666,9.983303333,7.85,9.166666667,6.766663333,7.416666667,7.633333333,9.5,10.45,8.866703333,5.45,7.916633333,8.416666667,5.916666667,8.916666667,7.8,8.833333333,9.749966667,7.5,6,6.75,10.25,9,4.616666667,7.8333,9.249633333,10,8.916666667,6.666633333,4.516666667,2,6.083336667,10.16666667,4.5,8.166663333,9.416666667,9.25,10.5,8.883633333,3.5,6.183366667,9,5.916666667,11.58336667,6.75,7.5,6.916666667,8.75,8.116666667,8.433336667,5.083333333,7.616663333,9.333333333,7.567,10.783,8.5,6.916666667,6.583366667,11.66666667,7.75,9.83333,8.95,8.933333333,8.166666667,7,9,7.916633333,9.5833,9.133336667,4.3333,10,7.550033333,8.299996667,9.416666667,6.75,5.816663333,7.16667,4.666666667,5,5.316666667,9.68333,5.083333333,6.549966667,9.466666667,8.166666667,6.416633667,9.6167,4.166666667,19.16666667,4.833333333,5.166666667,6.75,6.516666667,10.83300033,7.333333333,6.88333,7.08333,7.416666667,7.000033333,8.916666667,7.083333333,8.166666667,10.08336667,5.0333,10.75,5.333333333,9.41667,10.83333333,9.0833,10.16666667,10.36666667,6.333333333,10,8.166633333,12.36663333,8.666666667,12.75,8,6.833333333,12.41666667,8.7333,22.60003333,7.5834,8.41667,7.916633333,7.499966667,5.200033333,6.5,6.833363333,8.5,10.75,5.25,9.117033333,6.333333333,9.300033333,7.833333333,9.4833,5.9,6.833333333,6.5,5.866666667,9.916666667,9.833333333,7.5,8.4167,7.333666667,7.5,5.666666667,7.333333333,7.5,22,5.5,6.083366667,7.749966667,8.416666667,7.833333333,6.250033333,8.266636667,7.716666667,4.1834,6.799966667,7.666633333,5.750033333,5.166666333,20.91666667,8.5,8.333333333,5.3,8.666666667,11.5,5.916666667,9.25,11.95,8,7.033,8.333333333,6.916666667,-0.166666667,8.25,6.499966667,5.583366667,5.266666667,5.833333333,7,10,12.41666667,7.85,7.616666667,8.833333333,6.333333333,10.31666667,10.36633333,9.7333,6.500033333,9.8,7.516666667,7.583366667,10,9.416666667,11.66666667,8.666666667,8.5333,7.8333,9.1503,7.416666667,5.416666667,7,9.666636667,7.1667,7.166666667,8.916666667,6.916666667,6,8.583333333,6,7.7667,7.583333333,7,9.25,5.166633333,8.45,6.8167,5.333366667,10.41666667,6.6666,7.833333333,7.25,2.199666667,6.366666667,7.650033333,7.166663333,8.05,11.66666667,7,10.58333333,8.466633333,6.416666667,8.166666667,5.583333333,7.65,9.75,8.583333333,8.083266667,9.416666667,7.249966667,8.833333333,8.833333333,8.166666667,8.416666667,11,8.333333333,9.166666667,8.916666667,7.35,9.066666667,6,6.166666667,8.16667,8.733366667,9,8.5833,7.833333333,7.433333333,8.30003,7.849966667,7.416666667,8,6.816633333,6.416666667,5.566633333,7.583333333,3.916666667,9.266666667,8.98333,8.749966667,5.25,7.416666667,8.5833,6.916666667,8.666666667,6.25,10.34963333,7.833333333,8.416666667,8.333333333,6.75,8.616663333,11.31663333,7.0833,9.916666667,9.633333,9.833333333,6.583333333,8.3,6.166666667,5,4.166666667,5.833333333,8.666333333,7.83333,6,18.28333333,10.33333333,8.583333333,1.5,6.6333,6.000033333,10.3,8.75,6.467,7.25,10.16666667,5.783,6.916666667,7.5,4.833333333,11.33333333,11.91666667,4.349996667,8.833333333,8.21667,6.450036667,6.483333333,6,8.1667,5.966636667,10.16666667,6.883366667,9.549963333,4.166666667,7.150003333,7.516663333
7.55,8.0667,5.333333333,7.749996667,8.600033333,7.133333333,7,9.500033333,11,8,7.083333333,7.3333,10.30033333,11.28333333,4.75,8.500033333,7.416666667,8.9167,9.5,10.66666667,10.51667,7.416666667,7.75,6.916666667,19.6663,6,7.666666667,10.66666667,11.96666667,6.75,8.833333333,7.75,9.866666667,6,5.3,9.283,7.7997,10,9.416666667,4.133366667,12.08333333,2.5,6.749996667,9.750033333,4.416666667,7.833333333,9.7,9,8.75,10.41666667,2,5.8,6.666666667,6.333333333,8.000033333,10.58333333,6.0833,4.966666667,6,8.033333333,8.133333333,5.499933333,10.08333333,9.667,6.683333333,13.23333333,8.5,7.050033333,7.5,8.5,8.166666667,8.033,7.966666667,7.95,5.000033333,2.95,9,8.983666667,11.64999667,7.85,9.266663333,8.833333333,4.116666667,8.583366667,9.083333333,5.25,10.75,5.750000333,6.25,5.833333333,8.383,9.283366667,1.749966667,7.5666,6.75,7.5833,5.549996667,7.2833,6,6.833333333,9.24997,7.166333333,5.916666667,7.166666667,12.41666667,4.833333333,7.95,6.6666,11.08333333,6.999966667,7.916666667,7.666666667,8.749996667,10.16666667,6.8334,10.6833,5.833333333,8.95,7.333333333,9.833333333,9,9.25,4.966666667,6.25,9.666666667,10.54967,9.166666667,10.75,8.74997,8.416666667,10.16666667,8.699966667,20.28336667,7.416666667,8.533366667,8.5,8.999963333,7.58333,12.75,8.583333333,4.783333333,6.85,5.166666667,11.66667,5.583333333,5.916666667,6.5,11.80006667,8.68337,6.5,11.5,6.1333,9.916666667,12.80000333,4.5833,7.999966667,11.91666667,6.75,6.666666667,7.416633333,12.41666667,22,7.416666667,8.166666667,8.166666667,8.833333333,10.33333333,8.250003333,11.03303333,4.616733333,8.783333333,10.5055,6.749966667,5.2166,4.166633667,6.916666667,11,9.116636667,6.5,7.5,13.91666667,6.250033333,3.5,9.416666667,9.083333333,8.666666667,9.916666667,7.75,8.833333333,9.4,8.133333333,10.8,8.566366667,9.75003,9,9,7.75,6.85,4.3,8.833333333,8.833333333,6.416636667,8.667,7.5,7.666666667,8.916666667,10.83333333,10.66666667,9,7.75,11.25,5.25,7.7167,2.666633333,3.216633333,7.166666667,4.216666667,7.75,8.983366667,4.666633333,6.833333333,11.73333333,6.916666667,7.5,9.633333333,9,4.366666667,4.75,8.4167,8.416666667,6.950036667,8.149666667,6.4667,10.5,7.95,8,10,7.5,23.30033333,9.016666667,6.766633333,12.3,8.966666667,5.083333333,7.583333333,10.41666633,8,10.08336667,8.416666667,7.75,8.133333333,11.25,7.59997,8.416966667,11.05,6.883266667,10.83333333,9,8.833333333,7.916666667,8.666666667,11.75,8.833333333,7.833333333,7.3,5.349666667,10.33333333,12,6.883333333,10.167,9,8.416336667,7.833333333,3.5,9.13337,6.0833,12.56666667,9,10.00036667,6.966666667,4.416666667,8.666666667,9.016633333,7.9333,5.166633333,10.24999667,11.45033333,8.416666667,10.63366667,8.416666667,9.75,10.58333333,9.966336667,10.66666667,8.583333333,5.916666667,4.9167,11.83366667,7.249966667,8.083333333,7.75,5.433333333,10.25,7.416666667,7.166666667,6.25,8,10.833,11.83333333,7.5,8,9.5,17.6,10.83336667,8.916666667,3.933333333,7.58333,8.499966667,1.916633333,8.583333333,8.25,11,8.75,7.55,7.083333333,10,1.416666667,12.58333333,9.916666667,8.25,7.1667,6.2166,5.766366667,9.966666667,8.5,6.233336667,9.416666667,13.08333333,8.066666667,9.233666667,8.05,10.45,6.58337
7.7,10.61663333,6.083333333,6.66667,9.0166,8.266636667,8,6.416666667,8.4833,8.333333333,8.75,9.9667,6.633366667,11.03333333,8.75,9.000036667,5.5,9.9834,11,9.033333333,8.833003333,3.749966667,9.083333333,7.916666667,7.0833,9.333333333,10.19996667,8.416666667,10.31666667,8.5,9,7,11.6667,5.5,8,4.916666667,9.216366667,9,9.416666667,11.95033333,6.466666667,4.833333333,8.833366667,9.416666667,9.083333333,8.166666667,12.1667,12.5,8.583333333,9.333333333,3.75,6.5667,4.799666667,9.333333333,10.83336667,6.316666667,7.166696667,6,7,6.8833,7.333333333,5.75,9.782966667,8.167,7.366333333,10.66666667,7.666666667,7.716666667,8.332966667,9,7.166666667,9.416666667,7.966666667,8.9,10.41666667,9.8,11,7.166666667,11.66666667,8.316733333,6.333336667,7.583366667,9.233333333,7.200036667,6.416666667,6.2,9.333333333,4.8333,7.75,8.5,7.866366667,10.45,4.333333333,7.0334,21.5,8.916666667,6.283366667,5.1834,4.666666667,21.25,5.25,10.08333333,5.5,7.5,11.83333333,7.916666667,5.083333333,5.666666667,10.91666667,7.916666667,18.25,8.416666667,8,9.750033333,4.616666667,10,7.166666667,9.716666667,10.83333333,9.333333333,8.833333333,7.833333333,6.883333333,10.1667,11.41666667,11.04996667,7.166666667,11.08333333,9.25,8.416666667,9.333333333,5.866633333,21.217,7.1667,8.283333333,8.166666667,7.933333333,7.038666667,9.75,2.333333333,12.01666667,7.533366667,7.083333333,8.650033333,4.083333333,3.75,7.833333333,9.450033333,7.816666667,10,11,6.366666667,9.916666667,8.383333333,10.33333333,9.500033333,6.833333333,6.666666667,2.916666667,10.16666667,10.16666667,20.91666667,4,4.95,7.583336667,8.916666667,8.416666667,7.1667,7.633,8.400036667,7.749963333,12.032,11.91666667,4.9167,8.000033333,21.91666667,7.75,9.233333333,6.983333333,7.666666667,7.5,7,2.333366667,12.58333333,7.666666667,10.73366667,9.25,6.5,-0.166666667,6.2167,7,7.666663333,5.2833,7.833333333,8.916666667,8,8.2833,5.100033333,7.783333333,8.833333333,8,5.716733333,7.133333333,9.4833,7.083366667,6.95,6.249933333,10.25003333,9,7.8333,9.666666667,6.5,7.46667,10.25003333,5.6834,8.833333333,5.966666667,7.03333,7.800003333,2,6.916666667,6.916666667,6.416666667,6.5,10.16666667,7.333333333,7.750033333,12,8.75,9.25,5.833296667,9.283,3.316633333,11.667,9.966666667,6.5,9,6.083333333,5.966966667,7.016333333,5.383303333,7.716666667,3.583333333,10,5.666666667,11.58333333,9.149966667,5.916666667,9.083333333,6.166666667,9.05,11.16666667,8,6.583666667,12.36633333,6.95,8.9,9,8.666633333,5.0833,6.166666667,8.583333333,8.75,7.833333333,6.716666667,6.733333333,10.08333333,9.416633333,7.233366667,9.900333333,4,4.416666667,10.83333333,9.116666667,8.166696667,7.5833,9.783333333,8.916666667,7.25,9.766666667,7.333333333,13.83366667,6.1667,5.93333,7.083363333,7.3333,9.633,9.5,8.133366667,6.166666667,9.416666667,10.5,9.51663,8.666666667,9.416666667,8.333333333,7,12.16666667,4.983333333,9.833333333,9,11.61666667,9.333333333,7.166633333,8.583336667,6.166666667,4,8.5833,6.11667,9.75,9,9,16.917,5.916666667,5.66667,3.599966667,4.5,11.66633333,13.30003333,7.083333333,7.25,7.9167,9.75,6.45,5.333333333,11.75,10.63333667,12.5,9.5,6.666666667,6.4,6.88333,8.466633333,6.2833,10.5,10.3333,7.0667,8.5,8.049933333,3.583,5.75,9.1333,7.6666
6.5167,7.666633333,5,5.75003,8.09997,9.250000333,7.8333,8.333333333,7.750033333,7.333333333,8,7.5833,8.833336667,8.733333333,6.666666667,8.250003333,7.5,6.5,20.25,9.083333333,2.850033333,2.9166,8.166633333,7.733333333,7.883366667,10.75,11.2,11.33333333,5.3167,7.75,8.916666667,6.5,9.333333333,9.950336667,5.7,6.5,6,9.75,8.25,1.999966667,8.916666667,5.166666667,7.5,11.66666667,8.833333333,8.333333333,8.666666667,12.33333333,11.33333333,10.75003333,3.833333333,6.833333333,8.666666667,9.016666667,8.5,7.833333333,9.1667,9.583333333,5.75,7.549966667,9.116633333,6.750033333,8.1667,10.83333333,8.283666667,9.133666667,6.833333333,6.216666667,5,11.83333333,6.75,7,8.95,8.833333333,6.916666667,3.25,11,8.833333333,11.5663,8.083333333,7.56663,4.5833,7.3167,7.916666667,9.833333333,6.05,7.733333333,6.383366667,11,6.833333333,5.283333333,9.599966667,4,7.766633333,9,6.500003333,5.999999667,9.366636667,6.833333333,19.83333333,5.0833,7.916666667,5.916666667,8.3,9.499966667,6,5.333303333,6.999999667,7,7.983333333,7.166666667,6.666666667,8.333333333,8.416666667,8.533,8.133333333,7.5,12,6.833333333,7.333333333,9.75,4.966666667,6.416666667,7.75,7.083333333,8.416666667,7.166666667,10.75,3.8333,9.7,6.583333333,6.416633333,10.61666333,9,6.916666667,6,7.416633333,12.74966667,5.25,9.249996667,6.583333333,7.333366667,7.75,7.633296667,5.75,7.45,7.333333333,6.666633333,6.483363333,6.583333333,10,4,9.916666667,8.783336667,5.25,9.083666667,3.333333333,6.666666667,4.666666667,9,6.666666667,20.83333333,10.91666667,4.583266667,6.916666667,8.25,6.333333333,5.916633333,6.266666667,6.166633333,6.833333333,6.8278,8.166633333,3.249966667,9.21663,9.916666667,5.0833,8.6,8.916666667,5,3.916666667,4.750003333,5.6666,9.166666667,9.583333333,3.233366667,9.75,8.666666667,5.166666667,9.583296667,7.366666667,9.166666667,10.1833,9.75003,6.916666667,9,7.966633333,10.66666667,8.916666667,5.25,4,6.583366667,5.233333333,3.65,5.5,5.866666667,5.4,8.583333333,10,2.583366667,4.583333333,6.333333333,7.13333,8.166733333,9.8167,6.416666667,5.383366667,7.916666667,10.18333667,1.499966667,7.75,8.75,8.916666667,8,9.866666667,7,7.300066667,5.8333,5.333333333,6.750003333,2.8667,9.933333333,5.983333333,8.166703333,9,5,7.416666667,8.333333333,2.050333333,5.433336667,9.699966667,8.716666667,7.583333333,11.41666667,5.3333,5.416666667,8.6667,9.75,8.333333333,7.666666667,9.25,10.16666667,7.683366667,8.000033333,10.83333,9.183300333,8.333333333,9.5,9.583333333,7.25,8.333333333,9.333333333,7.833333333,8.833333333,7.166666667,4.1667,6.416666667,12.50000333,6.916703333,5.883333333,4.833333333,6.249966667,8.833333333,8.000003333,6.383366667,7.666666667,8.383333333,7.25,10.08333333,6.166666667,7.049966667,6.916666667,7.533366667,3,3.8834,9.083333333,12.2,5.916666667,8.816666667,7.583333333,9.166666667,10.75,10.74966667,8.5,8.5,5.083333333,4,9.383333333,5.999966667,5.99997,7.583333333,7.699966667,8.583333333,7.083333333,7.750003333,6.833333333,6,4.5,8.916666667,5.75,10,6.5,18.51666667,9.666663333,6,3.9333,5.1497,5.249966667,5.950066667,9.583333333,6.416666667,6.833333333,9.416666667,11.41663333,6.416666667,6,14.25003333,9.166666667,10.33333333,8.416666667,4.4666,7.3333,4.183333333,5.633366667,8.75,5.8333,5.166666667,7,6.6167,5.6,6.033333333,9.366996667,6.05
5.883366667,7.0834,5.416633333,8.166666667,8.25003,7.63333,8.25,5.75,7.9667,7.25,7.583333333,10.74967,7.849933333,11.58333333,8.333333333,7.75003,6.416666667,7.2833,20.25,9.666666667,7.883333333,3.316666667,7.8334,7.666666667,10.15000333,7.333333333,7.95,8.716666667,10.933,7.25,5.916666667,4.500033333,9.416666667,7,5.75,10,9.3833,5.75,8.333333333,10.66663667,8.25,4.25,7,11.5,7.916666667,8,9.500036667,11.25,9.366333333,7.999966667,3.75,4.899996667,8.333333333,8.549666667,9,9.583666667,4.583366667,6,4,6.9,7.06667,8.333303333,9.033333333,8.833333333,8.100333333,5.833333333,7.333333333,6.050003333,5.25,11.25,7,10.317,8.95,10.75,7.916666667,11.96666667,8,10,10.68333333,8.083333333,7.816700333,9.083366667,7.816666667,4.016633333,2.999966667,7.8333,6,9.799996667,13.5,6.833333333,4.983366667,7.55,5.333333333,7.0667,3,7.416666667,5.750036667,5.700033333,4.833333333,19.75,7,7.099966667,6.916666667,7.316666667,9.166633333,6.5,6.61663,6.8333,7.333333333,7.716633333,7.333333333,4.749966667,7,8.583333333,4.750066667,10.08336667,8.333333333,10.74996667,8.166666667,7.416666667,8,7.499967,8.833333333,11.16666667,8.416666667,6.916663333,7.666666667,13,3.250033333,6.916666667,3.666666667,7.850036667,10.96666667,8.5833,8.283333333,5.25,8.166633333,13.01536667,7.5833,6.4,10.08333667,8.166666667,7.25,9.0333,8.716666667,8.916666667,6.666666667,10.0833,7.4,8.8333,7.166666667,6.366666667,9.916666667,10.81663333,9.333333333,9.58333,6.916633333,7.5,3.75,6.25,10.66666667,21,7.499966667,5.799966667,8.166633333,7.750033333,6.833333333,6,12.03333333,7.08333,8.1,7.824966667,13.66666667,4.1,7.916666667,5.916666667,8.333333333,9.18337,8.800033333,11,8.166666667,6.3333,7.833333333,8.583333333,6,6.2497,8.833333333,7.5,7.166666667,9.599996667,7.2167,6.500036667,8.9503,5.683366667,6,12,5.3333,6.416633333,7.616666667,7.333333333,7.5,7.366666667,6.83333,8.1167,6.4166,9.9,6.583333333,9.749933333,8,4.916666667,10.5,4.333333333,6.4,5.833333333,7.099666667,6.416666667,5.350003333,4.6167,9.716666667,1.5833,7.666666667,9.166666667,8.333333333,8,8.75,8.666666667,3.8667,5.999996667,5.75,8,6.083266667,9.799966667,4.133333333,8.499933333,9.333333333,5.5,9.166666667,7.333333333,23.733,6.666666667,5.449963333,7.666666667,8.166633333,10.16666667,7.5,6.5,6.25,8.583333333,7.833333333,7.166666667,8.583333333,9.583333333,7.63337,7.916633333,10.58333333,7.916333333,7.966666667,10,9.25,5.416633333,6.333333333,5.333333333,7.000033333,8.75,8.199966667,5.749966667,8.333333333,9.2,6.533336667,9.75,9.5,6.33333,9.916666667,7.66667,5.516733333,7.8833,1.183333333,7.583333333,6.333366667,6.416666667,7.683296667,6.166666667,8.65,4.5,7.283333333,5.083333333,5.416666667,5.5,7.600066667,8.666666667,7.749166667,10.41666667,11.6337,8.666666667,10.75,6.666666667,8.5,7.916663333,7.366667,6.5833,8.75,6.700033333,7.333333333,5,10.15,9.333333333,5,7.75,10.91666667,6.916666667,12.58333333,8,16.417,6.833333333,8.5,2.9333,4.8837,7.25,0.8167,7.666666667,11.83336667,8.666666667,9.116666667,8.25,5.916666667,6.25,13.75000333,12.83333333,9.75,4.08337,10.15,8.066667,6.8,5.650033333,6,8.883333333,6.416666667,6.5,5.916666667,6.0667,5.9,9.850003333,8.8833
7.7167,8.216666667,6.16667,8.250003333,6.949966667,8.35,8.5,7.833333333,7.999966667,9.833333333,9.166666667,8.68333,8.466666667,13.41666667,9.666666667,7.083336667,5.833333333,11,20.66666667,9.583333333,7,4.1,7.4167,7.916666667,9.516633333,10.66666667,4.933333333,6.75,6.4,8.25,5.916666667,9.166666667,3.83333,10.117,6.5,8.5,6.666633333,5.25,9.75,6.666633667,7.666666667,0.75,6.8,14.66663333,3.75,9.667,7.9,12.33333333,8.716666667,9.666666667,3.55,7.133333333,6.166666667,8.083366667,7.166666667,3.917,4.75,5.966666667,5.916666667,6.833366667,7.11667,10.83333333,7.5834,9.166633333,8.166666667,6.0837,6.833333333,6.45,7.666633333,9.75,6.1667,8.1667,8.95,9.166666667,6.416666667,7,7,6.699966667,10.49999667,6.53333,5.0833,8.666666667,9.43333,6.816633333,10.41666667,9,7.5833,7.083366667,13.75,6.833333333,5.3167,9.2,2.35,7.433333333,6.75,6.416667,6.249996667,7.05,4.666666667,20,6.75,8.683333333,6.916666667,8.016666667,8.333333333,7,4.5833,7.416633333,3.75,7.016666667,8.666666667,6.583333333,8.166666667,8.916666667,6.633333333,10.7,7.166666667,9.916663333,9.166666667,9.333333333,8.5,7.35,5.916666667,11,6.833366667,8.366633333,8.666666667,10.75,5.3334,8.333333333,6.416666667,8.249933333,10.04999667,8,6.416666667,4.749967,8.166666667,6.75,10.25,8.083366667,6.7,6.616636667,6,11.35,7.966666667,10.41666667,6.5,7.549963333,7.316636667,6.833333333,9,6.866633333,9.916666667,9.333333333,6.800033333,8.833336667,8.083333333,6.166666667,8,6,5.666666667,21,9.750003333,7,7.583666667,6.916633333,5.916666667,6.999996667,4.9167,7.049996667,9.399996667,7.816633333,5.749966667,4.9167,8.250036667,7.166666667,6.833333333,7.84997,9.9667,9.583333333,4.75,5.666696667,5.583333333,9.466666667,10.1667,6.249967,8.916666667,10,6,7.966666667,9.1667,10.05,8.649996667,3.5,3.833333333,6,8.0333,9.083333333,4.25,9.666633333,6.5,9.25,6.216666667,7.5167,6.75,10.93333333,6.766666667,9.666666667,8,6,5.833333333,10.25,7.05,9.167,8.05,6.916666667,5.350003333,7.166666667,8.783333333,5.249966667,7.916666667,7.666666667,8.333333333,6,8.5,8,7.383333333,6.833333333,4,7.83333,5.9666,20.41666667,5.216666667,6.916663333,6.883333333,5.1667,9,7.0833,5.25,6.133333333,6,9.633333333,7.750033333,6.5,5.333333333,9.533336667,3.783333333,8.5,8.916666667,6.666666667,9.083333333,9.5,7.916633333,8.916666667,11.15033333,6.4167,7.833333333,10.08333333,7.083333333,9,9.333333333,9.416666667,7.166666667,8.833333333,7.85,4.916666667,6.916666667,10.83333367,7.6833,5.116666667,5.833333333,9,9.916666667,8.166663333,7.716666667,7.116666667,1.816666667,9.5,8.416666667,7.933333333,6.233333333,5.999966667,6.9333,7.166666667,6.149966667,6.666633333,10,6.916666667,7.916666667,6.916666667,7.833333333,11,11.21666333,8.833333333,10.66666667,5.083333333,5.0833,8.75,6.2167,3.8333,8.666666667,7.0333,9.25,5.083333333,8.9833,8.25,4.8333,5.166666667,10.28333,8.666666667,13.3333,5.5,18.2997,7.416666667,7,2.9333,21.85,8.333266667,12.05,10.16666667,20.967,15,8.916666667,8.366666667,7.083333333,7.75,7.500003333,9.916666667,7.166666667,10.91666667,6.099967,5.883336667,7.883333333,6.799966667,9,6.55,5.199966667,4.75,7.2,6.416666667,8.616666667,9.332996667,8.2833
6.3667,6.633333333,6.083333333,4.166633333,8.299933333,8.19997,8,8.416666667,7.133366667,9.833333333,10.75,6.15,10.55000333,8.283333333,10.75,8.666663333,6.5,9.7333,7.416666667,8.833333333,7.333333333,-0.1,7.500066667,7.416666667,8.366633333,9.833333333,4.6167,10.91666667,9.5163,8.083333333,8.916666667,5.083366667,9.75,8.233,5,7.5,6.333333333,6.75,8.833333333,12.54996667,4.716666667,1.833333333,0.100000333,11.00003333,5.333333333,8.166666667,10.75003333,11.33333333,9.8163,10.09996667,3.183333333,7.300033333,6.666666667,8.716666667,7.25,7.183333333,5.1667,4.833333333,4.5,7.6167,6.983336667,9.833333333,9.05,10.66666667,8.099666667,4.499966667,7.833333333,5.883333333,5.75,9.166666667,8.250003333,8.75,8.95,9.333333333,8.416666667,7.55,6,8.75,7.899966667,10.18336667,7.716666667,8.333366667,6.716666667,5.849933333,2.91663,7.25,9.233333333,7.2,8.666666667,6.833333333,4.7334,7.699996667,3.4,5.716666667,18.48333333,6.33333,6.833366667,6.7833,4.583333333,22,8.166633333,8.7,6.916666667,7.316666667,10.33333667,6.75,5.516633333,7.333296667,7.25,7.116633333,10.83333333,5.416666667,8,7.916666667,6.833333333,10.83333333,9.666666667,10.28333333,6.166666667,8.083333333,10,9.066663333,7.833333333,7.333333333,6.083333333,9.2833,9.166666667,12.41666667,7.66667,8.333333333,7.833333333,7.833333333,10.55,7,5,6.25,7.166633333,6.399966667,7,5.116666667,7.9167,9.666666667,9.5,11.38333,7.966666667,9.500000333,6.5,9.100033333,4.66663,7.916666667,10.83333333,6.75,9.916666667,7.833333333,5.8333,6.416666667,7.0833,8.25,1.916666667,7.25,10.66666667,20.91666667,3.75,9.966666667,7.999966667,8.749966667,6,8.33337,9.666666667,7.75,4.316633333,6.824966667,9.749966667,6.716633333,7.833366667,10.66666667,6,8.783366667,7.700033333,3.25,7.75,6.083336667,2.166733333,10.96666667,6.916666667,6.4997,5.416666667,7.333333333,6.333333333,7.833303333,8.666666667,5.583366667,5.13337,9.916666667,5.833333333,6,4.5,6.75,9.5,9.916666667,10.66666667,10.83333333,7.75,7.15,6.9167,10.83333333,5.25,7.75,9.33333,2.8333,12.33333333,6.833333333,7.2167,6.583333333,7.383333333,6.916666667,6.95,7.5,7.26663,5.683333333,7.833333333,11,5.333333333,6.5,8.416666667,6,7.033333333,5.5,7.916333333,8.5,5.8167,9.7837,5.233333333,10.00000333,8.916666667,6.3333,9.000003333,6.55,22.333,5.683336667,1.666633333,7.7,5.833333333,7.666666667,7,7.250033333,6.666666667,8.583333333,8.416666667,7.583333333,9.083333333,10.33333333,7.633363333,7.916666667,8.13333,3.7167,7.333336667,8.916666667,9.666666667,8.833333333,7.416666667,8.916666667,8.666666667,8.916666667,7.1833,7.0333,8.666666667,8.3333,6.949966667,10.31666667,10.33333333,6.9166,9.916666667,8.499999667,7.649996667,7.833333333,0.933333333,6.75,7.249966667,5.466633333,6.849966667,9.583333333,7.333333333,2.25,1.6667,10.50003333,5.833333333,10.91666667,8.266633333,6.5833,7.916666667,9.083333333,10.95,8.833333333,10.66666667,6.333333333,5.5,8.416666667,6.816633333,11.08333333,6,7.666666667,6.416666667,8.083333333,8.833333333,6,6,6.75,6.083336667,9.416633333,8.750003333,6,18.067,4.483333333,8.166666667,2.9333,8.7337,10.46636667,6.116703333,7.333333333,8.132966667,11.08333333,9.083333333,7.15,5.25,7,7.416666667,10.41666667,11.41666667,8.666666667,5.0667,8.000033333,5.500033333,7.833,8.5,7.25,5.56667,6,5.316666667,4.949966667,2.75,10.08333,8.7
7.216666667,5.333333333,1.6667,6.666666667,9.433366667,8.900033333,7.25,5.500033333,5.916666667,8.916666667,8.333333333,8.16663,11.03296667,9.883333333,11.75,7.49997,6.416666667,10.4333,9.5,10.83333333,7.16667,23.11666667,7.666633333,7.7333,6.949933333,9.083333333,8.783333,10.75,9.6163,6.583333333,7.916666667,7.5,9.899966667,4.25,7.05,7,7.366966667,10.1667,8.5,5.41663,9.416666667,6,-0.233333,12.7503,4.666666667,7.833336667,9.916633333,10.25,8.266666667,6.050033333,4.25,6.616633333,7.833333333,9.550336667,8.9167,7.833,1.333333333,4.833333333,2.416666667,7.967,10.41666667,3.666633333,7.2,9.333333333,8.600333333,10.467,7.500033333,7.466666667,9.999996667,10.91666667,6.3333,6.5,8.95,7.916666667,7.416666667,5.966666667,6,6.75,9.283366667,10.5,4.833266667,9.75,8.9997,7.666663333,9.8333,6.75,6.716666667,8.333333333,3.166666667,6.833333333,4.916633333,5.899966667,19.86666667,5.666666667,8.733333333,9.0833,7.133366667,7.0334,6,21.5,9.1333,5.3333,6.75,7.5,12.66633667,6.166666667,4.95,7,8.833333333,6.916636667,5.583333333,4.5,7.66667,7.499966667,6.45,10.88333333,5.333333333,9.333333333,7.5,8.750033333,10,3.966666667,8.666666667,10.5,7.416666667,8.883333333,9.166666667,10.66666667,8.66667,8.45,8,6.4166,13.58333333,9.75,6.883333333,4.25,8.833333333,7.600366667,8.5,6.883366667,9.566633333,6.333333333,5.75,3.600066667,7.5,5.333333333,6.5,9.099966667,7.366696667,7.25,9.333333333,5.75,9.916666667,9.133333333,4.916666667,9.383336667,7.8333,9.666666667,7.166666667,6.68333,5.666666667,21,10.5,8,7.749966667,7.916633333,5.499966667,9.250033333,6.499966667,8.2834,16.7334,6.8278,7.666633333,5.416633333,4.250003333,4.916666667,7.166633333,4.716633333,9.666666667,7.3333,8.333333333,5.749966667,9.749996667,6.166666667,8,15.79966667,9.166666667,7.666666667,7.833333333,7.666666667,7.85,8.3833,9.216667,3.833333333,5.75,12,11.91666667,8,8.933333333,9.083333333,7,2.916633333,8.499966667,8.5,3.9166,6.816666667,6.0166,8.166666667,5.6667,10.08333333,11.33333333,6.583333333,9.4667,10.583,9.21667,9.133336667,9.45,8.033336667,7.5333,-0.500033333,7.5,7.16667,6.75,6.25,9.083333333,6,3.1,5.5833,4.25,8.666666667,7,9.2833,5.966666667,5.3334,11.4,8,9.41667,7.833333333,3.716333333,5.916663333,4.5,10.49996667,9.55,7,7.666666667,10.25,8.2167,9.500003333,7.333333333,7.25,8.75,10.83333333,7.600003333,6.916666667,10.40033,0.649966667,6.916666667,8.916666667,9.666666667,7,8.75,10.83333333,8.833333333,8.916666667,7.4833,6.383333333,6.083333333,9.25,7.383303333,8.500036667,11.83333333,9.999996667,7.833333333,7.25,8.933366667,8.316696667,6.383333333,7.333,7.75,6.45,10.0166,7.166633333,6.783333333,9.416666667,6.783366667,5.583366667,8.666666667,8.75,9.88337,6.55,8.331666667,10.66666667,9.117,6.75,7.75,8.25,9.416666667,8.583333333,7.649963333,6.999966667,10.91666667,7.6833,6.75,8,8.25,6.5,3.5,5.25,10.83333333,8.25,10,6.5,16.8497,5.416666667,7.833333333,2.9333,7.6667,4.166666667,11.03333333,8.25,7.883333333,8.5,10,5.066633333,5.25,9,7.75,7.083333333,10.83333333,8.75,6.75,8.5,5.3333,9.150333333,8,8.9167,8.916666667,6.55,6.316666667,8.666703333,7,7.5,9.3166
6.483333333,8.3,6.250033667,5.25,7.550003333,6.983303333,6.5,7.416666667,7.550003333,8.25,3.666666667,7.85,8.782966667,10.86666667,9.8333,6.499996667,7.5,10.2667,19.41666667,11.75,9.782996667,17.9163,6.666666667,6.416666667,9.76633,10.66666667,8.9,10.41666667,9.8,9,7.916666667,2.25,11.66666667,7.5,6,7.5,6.833333333,13.667,10.16666667,3.5,10.33333333,6.916666667,9.833333333,11.9167,5.416666667,8.5,8.416666667,9.333333333,8.833336667,6.166633333,3.4,6.416633333,8.666666667,11.08303333,8.6667,6.75,4.5,9.833333333,1.5,8.616633333,7.45,11.66700333,11.06703333,8.5,8,9.233333333,8.833333333,9.916666667,6.999966667,6.916666667,7.416666667,8.916666667,7.966666667,7.916666667,7.916666667,9.916666667,8,12.50003333,12.25003333,12.03366333,6.1167,10.08333333,5.566666667,9.666666667,10.25,8.25,10.98333667,7.166666667,11.08333333,7.333333333,8.633033333,8,0.166633333,5.383366667,7.466666667,9.25,6.083366333,6.36667,8.666666667,19.91666667,8.2333,8.0503,6.916666667,7.5,12.58333,7,5.666703333,8.417,7.75,5,7.916666667,7.333333333,8.333333333,8.6667,7.766633333,10.45,6,8.033333333,7.333333333,9.083333333,7,10.46666667,9.416666667,11.75,9.5,10.48336667,9.166666667,10.66666667,8.25,10.41666667,7.916666667,7.5833,21.1833,10.75,9.666666667,20.83333333,8.5,8.766666667,7.25,10.18333667,7.4167,6.666633333,11.5,11.01666667,6.75,8.999966667,7.25,8.750033333,7.799966667,9.666666667,10,6.749966667,9.916666667,10.16666333,5.833366667,10.33336667,13.5,7.166666667,6.416666667,6.25,11.66666667,21,6.916666667,6.45,7.749966667,7.333333333,10.33333333,7.116633333,8.466666667,8.15003,6.3,10.00833333,11.33333333,7.916666667,5.833366667,10.91666667,6.9167,8.249996667,6.83333,7,7.833333333,6.083303333,2.999966667,10.25,1.75,4.250033333,-12.39999967,7.916666667,8,8.916666667,8.466633333,7.366666667,7.6167,9.833003333,7.416666667,9,8.833333333,11.58333333,4.433333333,7.333333333,9,5.916633333,6.349966667,8.48333,8.75,5.716666667,9.816666667,9.916666667,10.83333,10.33333333,5.333333333,8.583333333,7.2667,8.333,7.533666667,3.783333333,7.916666667,7.166666667,6.583266667,6.250033333,7.166666667,12.83333333,8.416666667,7,10.41666667,9.25,8.400033333,9,7.5,9.5,4.233266667,7.466666667,5.800066667,8.5,10.96666667,7.75,7,5.916666667,3.616333333,7.016666667,11.24967,10.08333333,7.833333333,6.5,8.666666667,6.250036667,12.2,7.416666667,7.416666667,7,6.833333333,12.25,8.116666667,6.916666667,12.13366667,11.94999667,9.416666667,8.95,9.833333333,9.916666667,8.666666667,6.666666667,8.083333333,5.916666667,8.283333333,5.1163,10.25,11.5,10.88363333,6.999966667,8,8.9167,9.833333333,6.9167,6.716633333,7.000033333,9.633333333,9.833333333,8.083336667,5.933333333,7.5833,7,6.416666667,6.916666667,11.30033,10.58333,8.916666667,6.5,8.966703333,8.1,9.166666667,6.916666667,9.01667,10.16666667,7.8333,8.583333333,6.166666667,11.5833,7.316666667,8.25,9,13.33336333,8.833333333,8.916666667,7.649966667,5.5,5.75,8.25,5.966666667,9.166666667,8.916666667,6.5,17.08366667,7.416666667,8.666666667,2.9333,3.2667,9.833366667,11.34999667,8.5,9.416666667,8.75,10.5,8.416666667,7.500033333,1.016667,6.383333333,13.25,9.333333333,9.416666667,6.7167,9,8.732966667,7.45,6.75,4.083333333,6.149966667,6.833333333,7.916633333,10.16667,5.95,10.38333,7.16663
8.250033333,6.999966667,5.333333333,7,8.35,5.80003,10,9.916666667,8.9833,7.666666667,6.500033333,7.33337,10.24963333,9.633333333,8.1667,9.416333333,10.16666667,8.849966667,6,9,9.1,13.2,4.966666667,6.916666667,9.8667,9.833333333,6.783336667,12.25,14.71633333,8,7.916666667,22,10.75,7.5,9,8.5,11.41636667,13.75,9,11.16666667,9.166666667,7.833333333,10.84999667,12.74966667,8.25,7.666666667,9.116666667,12.83333333,8.0833,9.05,11,6.15,7.416666667,8.249996667,9.9167,8.1663,6.166666667,10.96666667,2,7.2,6.8,4.083333333,9.716633333,9.3333,8.783333333,10.19996667,8.000333333,6.483333333,7.333366667,5.916666667,8.3337,11.75,7.966666667,13.91666667,8.916666667,9.05,9,10.73366667,10.64966667,2.533333333,10.50000033,12.41666667,5.7333,10.24999667,7.333333333,8,13.91663333,6.666666667,9.833333333,5.75,7.433033333,10.09996667,1.9167,6.733266667,6,8.666633333,6.833366667,10.36666667,7.75,18.5,8.566633333,8.433333333,5.583333333,9,13.58299667,9.416666667,4.8666,7.833366667,11.83333333,7.25,9.916666667,7.75,8.416666667,11.91666667,7.433333333,10.16666667,5.833333333,9.95,9.666666667,10.25,6,5.916666667,9.333333333,8.75,6,13.0997,7,12.33333333,7.916633,8.416666667,9.916666667,9.166666667,20.06636667,7.833366667,7.916666667,6.833333333,5.916666667,7.35,7,6.583366667,4.766666667,7.499966667,7.25,11.05033333,7.916666667,6.75,6.75,8.9334,7.450033667,8,10,6.3333,9.916666667,6.466666667,6.249666667,11.25,8.25,7,5.500033333,4.183333333,9.75,20.91666667,8.000003333,8.416666667,7.9167,9.083333333,8.833366667,8.800033333,8,9.16667,7.216666667,7.952833333,11.91666667,4.083366667,6.583366667,10.91666667,7.25,8.783296667,5.833336667,11.66666667,9.833333333,4.4167,6.166366667,11.01666667,9.833333333,5.1667,16.75,9.166666667,23,8.416666667,7.349966667,8.233,7.599966667,9.583003333,6.166666667,10.33333333,8,11.56663333,8.5,7.5,9,10.99966333,3.8,8.48333,7.167,5.75,8.800003333,7.916733333,11.5,12.16633333,9.75,11.83333333,9.68337,5.083266667,8.7,4.216633333,9.416666667,5.416666667,9.550033667,7.333366667,7.333333333,12.99966667,8.416666667,6.5,10.83333333,6,7.200066667,9.833333333,6.25,8.333333333,6.133366667,8.916633333,7.316633333,9.750003333,8.917,7.6667,6.583333333,6.916666667,22.05,6.149966667,11.33366667,11.16666667,6.1,9.666666667,11.5,7.6,9.766666667,9.416666667,9.75,7.333333333,6.916666667,11.16666667,8.10003,7.916666667,10.26663667,5.799966667,13,9,10.25,4.8333,10.5,7.833333333,6.833333333,7.916666667,7.4667,7.966666667,11.08333333,8.416666667,9.95,11.33333333,7.833333333,2.666633333,11.83333333,9.5,7.949966667,7.250033667,8.233333333,10.91667,9.783666667,7.916666667,5.95,13.08296667,8.833333333,6.916666667,8.049996667,9.416633333,7.916666667,11,10.59999967,7.616666667,9.666666667,10.66666667,10.43336333,10,8.3,7.916666667,5.833336667,12.08333333,6.583266667,8.833333333,10,15.90003,11.16666667,7.083333333,8.416666667,6.166666667,17.75,7,11.95,6.666666667,8.916666667,8,16.86666667,5.166633333,9,3.4333,5.5834,9.5337,11.6503,7.583333333,6.633333333,9.583366667,12.58333333,9.616666667,5.916666667,0.016667,9.3,13.41666667,10.33333333,10.75,7.7,8.88333,4.149633333,6.466666667,11,12.25,7.866666667,4.583333333,6.499966667,9.6833,9.116666667,9.400336667,5.9167
7.083366667,7.049966667,5.16667,6.333333333,8.583333333,9.316663333,7.75,5.916666667,7.83333,9.833333333,8.333333333,10.166667,8.9163,12.13333333,9.833333333,10.08300333,9.75,7.2667,9.333333333,10.7,5.61663,8.783366667,8.833333333,7.916666667,9.899963333,10.91666667,9.43333,14.33333333,7.633296667,7.5,7.916666667,9.75,11.25,9.049963333,6.45,6.167,4.25,6.1667,8.45,8.499966667,9.5,1.5,6.749996667,11.08333333,9.083333333,7.166633333,8.583333333,11.25,5.333333333,11.08333333,5.266666667,6.300033333,8.833333333,10.367,8.166666667,5.25,8.166666667,8.75,5.5,6.95,8.3667,6.083333333,7.766703333,8.333333333,7.949666667,9.250366667,6.833333333,6.7,5.75,7.833333333,7.1667,7.833300333,8.95,9.416666667,7.916666667,7.75,9,10.617,12.05,8.866666667,7.98337,3.6667,7.099967,7.316633333,7.5,6,5.66667,4.333333333,8.416666667,7.416666667,9.616966667,8.2833,4.33333,5.283266667,4.5,6.166703333,6.583333667,6.7834,7.25,2.916666667,7.766666667,8.533333333,5.75,8.516666667,9.749966667,8.416666667,6.116666667,7.250033333,9.916666667,8.416666667,8.416666667,8.75,9.083333333,9.583366667,7.933366667,10.45,8.333333333,10.38333333,8.666666667,8.833333333,10.5,7.916666667,7.91667,12.25,14.5,7.416666667,5.916666667,13,2.8333,6.916666667,7.583333333,7.6666,10.68333667,7.25,7.75,7.833333333,10.08333333,9.633333333,5.75,8.166663333,12.11666333,4.250033333,6.75,8.599666667,6.916666667,9,6.666666667,10.08333333,7.816703333,8.5,8,5.5833,9.916666667,4.799966667,6.333333333,8.500033333,8.75,7,18.5,10,6.5,21,4.25,6.333366667,8.583336667,6.5,11,7.833333333,9.516333333,8.000003333,9.9,7.824966667,13,6.083333333,5.250033333,10.91666667,7.333366667,10.58336667,9.066666667,12.66666667,7.5,5.41667,4.166633333,7.866666667,6.833333333,6.733333333,8.583366667,8.166666667,6.833333333,7.1667,8.016666667,4.833333333,9.6,6.6,8.416666667,10.66666667,4.6667,12.66666667,6,9.800333333,7.75,7.8333,6.1333,5.7167,8.25,10.86666667,8.25,7.666666667,10.5,9.583333333,11.08333333,13.83333333,1.9834,8.117033333,5.083333333,4.316633333,6.916666667,8.75,9.116633333,5.25,7.916666667,8.983333333,7.666666667,10.5,8.666666667,6,3.75,3.666666667,5,6.083336667,5.0833,8.883366667,7.649666667,6.833333333,5.333333333,6.8333,7.633333333,5.45,1.234,7.849966667,9.332996667,9.766666667,7.616666667,11.66666667,8.333333333,6.9333,8.750033333,10.25,8.333333333,6.583333333,10.91666667,10.66666667,7.783363333,8.166666667,10.50033,18.15033333,10.58333333,9,8.33333,8.333336667,10.75,5.666666667,6.083333333,10.91666667,7.266633333,8.4,5.583333333,9.833333333,12.43336667,5.833363333,8.333333333,5.749966667,8.916666667,9.150003333,8.0333,8.45,8.516666667,9.25,9.749666667,7.783333333,5.26663,7.583366667,7.099666667,6.583336667,7.350033333,7.416633333,3.833333333,7.25,6.800003333,7.099966667,8.833333333,10.5,12.11633367,9.666666667,7.5833,4.75,4.5833,9.9833,7.2,8.5,10,9.400036667,9.583333333,7.333333333,8.96667,7.25,9,3.5,13.83333333,8.0833,8.916666667,8,18.5837,6.166663333,8.333333333,3.4333,6.9333,7.083366667,13.7,8.416666667,8.2167,11.41663333,10,10.33333333,8.083333333,0.016667,5.583333333,6.416666667,6.66667,9.5,7.300033333,6.5,11.066667,6,8.5,5.75,5.9167,8.833333333,3.583366667,7.7833,3.4,9.91633,8.5167
6.3833,4.249963333,4.74997,6.583333333,8.900033333,6.283333333,7.5,8.583366667,6.9833,9,7.25,11.75,5.2167,12.2,8.5,7.000033333,5.75,6.28333,10.08333333,12.58333333,6.933333,5.01667,7.5,6.916666667,8.116633,10.66666667,7.216666667,15.33333333,10.46669667,6.666666667,4.916666667,5.250033333,10.41666667,7.333333333,5.666666667,7,6.25,3.75,9,11.25003333,6.916666667,6.25,6.666666667,10.25003333,8.666666667,4.6667,8.2,9.333333333,12.18333333,7.833366667,5.666666667,6.583366667,7.75,6.100033333,8.249966667,7.583333333,3.666633333,3.666666667,5.5,7.049966667,9.083366667,3.083333333,9.366666667,9.666666667,7.666666667,5.000033333,7.833333333,7.7,8.166633333,7.666666667,8.5,8.833633333,8.95,10.33333333,-0.083333333,6,10,9.866633333,11.35,9.3,7.166666667,6.833333333,3.7,6.649933333,3.8333,7,12.58333333,7.500066667,10.4,6.833333333,5.650066667,7.883336667,3.91667,6.783366667,6.5,6.749996667,6.333366667,7.5167,7.333333333,18.83333333,8.700033333,8.11667,6.583333333,7.016666667,9.0833,8.916666667,6.58333,7.083336667,8,8.166666667,7.916666667,5.25,8.416666667,8.999966667,7.333333333,8,8.5,11.58333333,8.833333333,9,6.5,9.833333333,7.333333333,7.5,8.5833,8.133333333,7.166666667,10.35,0.25,4.916666667,4.666666667,9.9167,10.28333667,8.083333333,8.45,6.25,9.25,9.6167,7,8.199996667,10.433333,9.83337,5.25,10.83333,7,8.916666667,7.166666667,8.550033333,6.033303333,8.75,7,6.883333333,9.916666667,9.383333333,5.25,7.916663333,1.8333,6,4.1667,9.833333333,10.5,21,7.416666667,10.63333667,8.916666667,8.416633333,6.833366667,7.833336667,5.116666667,7.2,5.86667,8.324966667,4.8333,3.5833,8.16663,9.416666667,5.416666667,4.449966667,9.8,13.16666667,7.333333333,5.583303333,4.000033333,9.75,7.5,4.833333333,5.75,9.25,6.833333333,8.15,8.29997,10.55003333,7.900033333,1.833333333,7.666666667,11,7.833333333,4.75,11.43333333,9.833333333,8.916666667,11.78363333,5.75,6.33333,4.5833,10.91666667,9.766666667,7.499966667,6,5.083333333,13.25,6.833333333,5.9167,7.416663333,5.066633333,6.249996667,6.716666667,7.583336667,8.7833,5.6667,6.333333333,11.48333333,6.166666667,8.5,9.75,6,8.9167,6.5,6.5,6,5.0667,9.75,9.316633333,7,9.916666667,5.9166,6.533333333,8.833333333,1.683366667,6.750033667,8.916666667,10.75,6.083366667,8.750033333,7.75,8.05,6.499966667,10.41666667,8.083333333,6,10.41666667,10.66666667,7.69997,7.916666667,8.683336667,5.233336667,9.333333333,9.833333333,7.16667,5.749966667,8.25,8.166666667,5.083366667,6.833333333,9.1833,4.7,7,11.58333333,9.216666667,6.7,7.166666667,6.250066667,9.833333333,9.0833,7.933336667,8.850036667,2.75,9.000033333,5.416633333,5.9,6.933366667,7.33337,5.999966667,8.333333333,6.1,5.666666667,11.66666667,6.75,7.416633333,10.2,9.333333333,8.25,9.749933333,6,10.75,7.083333333,4.5833,8.8,5.816633333,8.583333333,7.666666667,5.816633333,8.666666667,6.166666667,8.91663,6.25,7,9,9.249996667,8.333333333,10.16666667,10,18.4503,3.933333667,6,3.4333,4.8166,4.249933333,1.966633333,6.666666667,6.166666667,7.916666667,10.25,9.783333333,7.083333333,8.833333333,14.03333333,8.666666667,10.33333333,2.500003333,7.933366667,6.983333333,3.5167,7.149933333,9.5,6.98333,7.3333,10.75,3.466666667,5.816666667,8.95,9.799996667,7.1833
7.333333333,6.466633333,5.58337,3.999996667,9.183366667,9.9167,9,5.249966667,7.75,7.166666667,8.416666667,9.50003,8.299966667,15.55,9.666666667,8.833333333,6,10.56663333,10.75,11.86666667,11.51666667,10.55003333,7.5,7.833333333,9,11.08333333,7.05,16.33333333,6.9834,7.78333,5.416666667,7.916666667,6.416666667,8.633,6.7,7.5,4.000033333,13,9.666666667,8.633336667,6.966666667,2.333333333,6.75,8.333333333,4.083333333,7.666666667,8.333333333,8.833333333,6.583333333,8.916666667,5.683333333,6.25,10.41666667,6.283366667,8.25,10.08366667,6.5,6.5,6,6.45,9.95,7.250033333,6.550066667,8.666666667,8.716633333,7.833333333,6.666666667,6.499996667,5.916666667,10.33333333,7.25,8.75,8.95,6.083333333,7.416666667,6,9,12.19966667,11.6497,7.4166,5.7833,7.083366667,7.2,8.083333333,3.416636667,5.75,6.133366667,7.166666667,8.666666667,7,5.650066667,9.533366667,1.366666667,4.7834,6.45,5.750033333,6.916666667,7.5333,6.583333333,19.16666667,7.73337,7.950003333,6.916666667,8.3,9.166663333,7.083333333,9.8833,6.916636667,5.916666667,7.83333,9.416666667,6.5,8.083333333,8.166666667,7.1167,8.333296667,8.833333333,13.25,7.333333333,8.416666667,8.5,6.83333,7.333333333,12.5,8,7.9833,7.166666667,12.58333333,0.916666667,7.45,6.5,10.91666667,10.63333667,6.25,6.916666667,7.166666667,8.15,8.983633333,6.75,7.966663333,12.89996667,5.166666667,7.75,4.416633333,6.25,9.166666667,6.833333333,9.966633333,8.5167,9.5,6.9167,6.233333333,9.916666667,9,5.166666667,7.9167,6.666633333,6.666666667,2.916666667,6,5.5,20.91666667,10.16666667,7.25,8.083666667,8.083366667,6.333333333,9.416666667,8.5,7.916633333,6.516663333,6.8278,0.8333,4.25,8.166666667,10.41666667,9.666666667,10.71666667,9.833333333,6.25,5.333333333,5.666633333,5.000333333,10.33333333,7.5,6.000033333,7.75,8.25,6.333333333,7,7.750033333,6.3,8.35,7.75,5.916666667,9.333333333,9.5,10.25,5.416666667,8.833333333,9.25,10.16666667,6.966666667,5.7833,6.8334,6.833333333,6.766666667,9.416633333,7,7.833333333,6.75,7,6.83337,8.33333,4.066733333,6.299996667,9.716666667,6.666666667,7.43333,5.250033333,7.75,8.5,7.333333333,6,8.416666667,6,7.666733333,7,3.25,7.75,6.666666667,8.666666667,7.316666667,9.500333333,6.95,7,5.999996667,9.366666667,1.2497,5.9833,5.1666,11.83333333,5.766966667,6.083333333,7.25,7.8667,7.999996667,10.41666667,7.916666667,5.75,8.75,9.583333333,8.2833,9.333333333,12.3663,7.2167,7.416666667,9.083333333,8.666666667,8.666666667,9,6.333333333,6.25,6.75,7.883366667,6.05,9.5,8.666666667,10.68326667,4.25,6.666666667,8.133333333,9.833333333,5.950033333,6.833333333,5.249933333,5.966666667,10.5,7.8333,4.933333333,7.750033333,7.083333333,6.700033333,5.416700333,9.983336667,8.500033333,9.416666667,9.75,5.833336667,7.300033333,8.166666667,9.833333333,11.19967,8.666666667,10.71666667,4.666666667,3.583266667,9.749966667,4.466666667,6.58333,8.833333333,6.966663333,9.666666667,4.833333333,6.25,6.666666667,4.75,8.916666667,9.916666667,6.083333333,6.333333333,13,19.4997,5.249996667,11.5,4.299966667,3.9,8.1333,13.0833,9.75,6.1667,9.833333333,10.08333333,10.24996667,5.416666667,8.833333333,10.21666667,6.083333333,10.16666667,7.916666667,5.166633333,5.79997,3.4166,6.3667,7.499966667,6.8333,6.75,10,7.083366667,7.11667,7.65,9.58333,7.3334
6.749966667,6.916666667,4.75,7.583363333,7.5833,6.316666667,7.5,6.833333333,8.2167,8,8.3333,10.06667,6.049966667,16.08333333,11.25,8.500033333,6.916666667,11.1166,7.25,10.75,4.21667,7.75,7.666666667,6.916666667,8.983333333,11.5,8.616633333,11.83333333,8.3167,9,4.416666667,5.333366667,9.416633333,9.55,6.75,7.5,4.4167,6.75,10.25,8.416633333,6.25,2.25,6.5833,10.16666667,4.083333333,8.833333333,7.416666667,9.333333333,5.083366667,9.166633333,5.033333333,6.7167,6.083333333,9.382996667,6,8.666666667,9.25,7.833333333,18,6.7333,8.95,12.28303333,7.283333333,8.833333333,8.049666667,8,5.833333333,7.5,5.583333333,10.41666667,8,9.083333333,8.95,10,7.916666667,13.66666667,10.41666667,9.449966667,8.199966667,10.08337,7.483336667,9.500003333,4.533266667,3.0833,3.916633333,9.25,11.73333333,6.249966667,8.166666667,4,5.1834,8.249996667,3.999996667,5.516666667,7.316666667,7.333333333,6.333366667,8.5667,6.833333333,18.5,7.566696667,8.416666667,6.916666667,8.3,9.749963333,8.416666667,6.549963333,6.916666667,8,6.666633333,8.916666667,6.25,8.666666667,8.583366667,6.766666667,11.33333333,8.166666667,11,7.333333333,8.416666667,9.666666667,7.833333667,6.916666667,9.5,7.916633333,8.633303333,6.666666667,12.41666667,1.333366667,7.95,6.45,10.8333,7.800003333,9.666333333,6.666633667,4.5,7.499966667,4.199966667,7.25,7.7833,12.43336667,8.583333333,7.25,9.333,7,8.75,6.916666667,6.666633333,7.983363333,8,6.583333333,6.083366667,9.916666667,11.1,3.333266667,8.25,5.166633333,7.25,5.3333,7.5,9.666666667,21,3.25,6.250033333,7.666666667,7.249933333,5.166733333,9.583333333,7.966666667,9.549966667,4.633266667,6.830466667,5.749966667,3.833266667,5.899996667,7.916666667,6.916633333,8.86667,10.09999667,11.75000333,9,5.916663333,4.416666667,10.75,7.5,7.350033333,8,6.166666667,6.333333333,7.25,9.15,6.9667,7.066633333,3.916666667,8.25,17,6.333333333,9.4167,6.916666667,10.58333333,5.833333333,6.633333333,9.40033,9.4833,6.6667,5.9,8.466666667,9.4167,6.916666667,8.3333,11.83333333,6.333333333,6.16667,8.000003333,6.3833,8.666666667,6.916666667,6.999999667,8.7667,8.25,8.333333333,9.5,5.333333333,6.5,8.166666667,6.583333333,4.299966667,5.583333333,8.5,8.833333333,5.799966667,7.95,5.9833,7.583366667,6.833333333,6.6667,8.25,8.366666667,1.2497,7.55,8.966633333,8.466633333,8.417,5.916666667,4.6667,5.916666667,6.25,8.666666667,8.916666667,7.166666667,8.833333333,10.16666667,8.16663,7.166666667,9.766663333,3.899966667,7.75,9.166666667,8.333333333,7,7.583333333,8.166666667,5.833333333,6.5,8.05,8.666666667,8.166666667,8.166666667,8.999996667,11.75,7.666666667,6.999966667,8.833333333,9.083336667,8.533303333,8.0833,1.3,6.4167,6.249966667,6.966666667,8.4833,8.416666667,7.033366667,4,6.800033333,9.083333333,8.5,5.916666667,7.016636667,7.5,8.833333333,8.25,11.2667,7.5,10.75,6.5,6.249966667,12.25,4.150033333,8.166666667,9,6.78333,7.083333333,6,7.983333333,6.25,7,9.5,5.95,6.333333333,9.4,5,4.083333333,4.916666667,8.166666667,3.033266667,7.1003,7.266633333,2.216666667,7.833333333,9.6667,13.83333333,12.08333333,8.2667,6.666666667,10.83333333,10.66666667,11.5,9.833333333,11.25,2.7667,7.3,5.999933333,5.933333333,9,7.7,6.833333333,9.166666667,4.166666667,7.13333,4.75,9.666996667,7.6666
8.333333333,8.966666667,4.916663333,7.91667,7.533366667,9.000000333,8.5,3.333333333,5.45,7.166633333,8.333363333,9.1333,8.399633333,12.05,11.66666667,9.000003333,5.5,6.433333,18.5,8.033333333,9.66667,9.300066667,7.166666667,7.916666667,7.88333,10.91666667,7.966666667,13.5,10.03333,8.5,5.916666667,8.416666667,6.916666667,6.5,4,7,12.6337,6.583333333,8.333333333,9.333333333,7.75,1,9.833333333,9.583333333,4.25,10.66666667,9.333333333,9.75,9.083333333,9.866666667,5.366666667,5.9167,9.416666667,8.100033333,8.166666667,8.083333333,5.499966667,4.966666667,3,8.966366667,9.366666667,9.117033333,6.033366667,10.00003333,20.40003333,9.3337,7.833333333,10.83333333,6.333333333,11.5,6.75,8.166666667,8.95,10.96666667,9.166666667,8,10.41666667,9.517,9.633333333,8.666366667,6.433303333,10.75,9.899666667,5.483333333,13.16666667,9,7.999966667,7.5,8.666666667,7.5,5.999966667,7.816666667,0.6667,4.750033333,7.966666667,7.583296667,6.000003333,9.41667,5.25,20.83333333,8.3,5.466666667,6.833333333,9.5,9.41633,6.916666667,6.700003333,6.833296667,7.833333333,7.916666667,8.833333333,5.25,6.916666667,7.333333333,7.2333,11.2,5.333333333,10.91667,7.666666667,8.083333333,10,6.83333,11.91666667,13,7,7.749966667,8.166666667,11,7.83333,7.916666667,9.833333333,8.083333333,20.0337,6.6167,7.416666667,6.833333333,7.416633333,9.8,4.583333333,7.999966667,11.91666667,9.5833,4.5,5.599963333,5.75,8.333333333,6.666666667,7.499966667,7.1666,7.833333333,9.4167,7.333333333,9.916666667,11.36666667,7,8.916633333,4.250333333,7.5,8.166666667,7.166666667,5.666666667,21,7.75,11.41666667,8.416666667,8.166633333,6.749966667,7.666663333,5.916666667,9.61667,7.5167,6.8278,10,7.75,4.749996667,21.91666667,7.083333333,7.800033333,7.666666667,7.333333333,3.5,6.25,4.583366667,8.866666667,6,6.083333333,6.333333333,7.666666667,9.833333333,7.666666667,7.799966667,7.533366667,9.4167,5.833333333,4.5,13,12,8.083333333,6.2,7.833333333,8.083333333,6.7337,10.91667,9.64967,7.4167,5.85,9.833333333,9.0833,8.5,10.66666667,7.833333333,8.5,6.8,12.00000333,8.6003,6.999999667,6.966666667,7.75,8.566700333,2.749966667,7.833333333,10.45,7.166666667,6.5,8.433333333,6,6.783333333,6.166666667,4,7.75,5.299933333,8.783,5.9,6.5833,10.41666667,7.6667,7.883366667,8.916666667,4.017033333,7.45,10.16663333,7.166666667,8.799966667,3.75,7,8.250333333,8.9667,9.416666667,8.416666667,7.416666667,9.25,11.25,9.166696667,7.916666667,6.450366667,5.783,7.416666667,8.883333333,8.166666667,8.916666667,7.083333333,7.416666667,5.333333333,6.833333333,9.066666667,7.35,5.666666667,8.75,7.049966667,8.333333333,8,8.6833,8.833333333,8.66667,9.083296667,8.967,6.683333333,9.416633667,4.333333333,6.866666667,9.1833,9,3.383333333,11.0833,9.283366667,6.833333333,9.583333333,5.5,8.449966667,5.750033333,7.833333333,7.833333333,10.96666333,7,8.000033333,7.666666667,6.749996667,11.08333667,10.65003333,9.833333333,9.833333333,7.8833,8.916666667,8,7.916666667,9.333333333,7,6.5,9.966666667,8.166666667,7.75,7.5,16.8337,4.916666667,8,3.499966667,5.15,7.249966667,12.03366667,9.75,6.666666667,7.666666667,11.91666667,7.75,5.833333333,5,10.66666667,6.5,9.333333333,9.75,5.3167,9.5833,4.2167,7.150333333,5,9.75,7.199966667,9.333333333,7.333366667,3.1667,8.45,7.666663333,10.9333
5.4167,7.58333,3.583333333,7.75033,9.13337,10.71700333,8,6.416666667,7.3167,7.916666667,7.25,10.4167,10.6337,11.06666667,10.16666667,8.833336667,4,6.45,6.5,10.33333333,6.999963333,10.64966333,7.716666667,7.416666667,8.833,8.666666667,8.1833,11.66633333,9.666366667,8.167,5.916666667,5.416666667,7.416666667,9,4,6.667,8.083,15,8.333333333,10.33333,8.083333333,4.25,-0.149999667,9.833333333,5.25,10,10.69996667,6.833333333,8.9163,9.333333333,4.683333333,7.2333,8.916666667,7.549966667,13.75,10.25003333,4.25,7.666666667,19.75,8.5,10.03333667,9.333033333,13.41666667,7.333333333,8.133,10.3663,7.833333333,9.416666667,10.50003333,4.416666667,7.166633333,5.749666667,7.966666667,6.333333333,11.91666667,8.25,8,3.8333,10.81633333,6.316667,8.033336667,9.000033333,4.966366667,9.433333333,9.333333333,10,13.91696667,5.416703333,13.75,6,11.69999667,2.75,4.75,6.683366667,4.483333333,8.166633333,5.749963333,7.5833,9.666666667,21.66666667,5.2333,6.95,5.833333333,7.816666667,10.66666667,8.916666667,6.80003,5.249966667,7.833333333,7,21.91666667,7.833333333,8.666666667,10.58333333,7.150066667,13.38333333,8.166666667,10.41667,6.5,9.666666667,6.5,6.333333667,9.833333333,10.5,9,13.39966667,9.083333333,10.33333333,9.5,9.916666667,6.916666667,8.05,20.58366667,8.083333333,8.399996667,8.916666667,8.416666667,12.95003333,7.25,2.333333333,9.583333333,7.916633333,6.5,7.066666667,6.333333333,9.333333333,6.5,9.39997,7.949963333,8,13.25,5.583366667,9.916666667,8.666666667,7.416666667,10.00003333,8.333333333,7,6.250033333,7,11.66666667,21,7.333333333,5.666666667,8.333666667,8.166666667,8.666666667,8.25,8.166633333,9.11667,9.5337,10.0055,11.91666667,6.499666667,4.583333333,9.916666667,6.583333333,9.299966667,7.250003333,6.833333333,9.666666667,7.0833,3.916633333,7.366666667,3.333333333,5.616633333,12,7.083333333,7.666666667,7.333333333,8.8333,11.66666667,9.983,9.75,7.333333333,7,8.000033333,13,6.966666667,7.716633333,7.75,5.166633333,7.633366667,8.3333,8.4163,9.783333333,7.566663333,8.75,9.5,9.083333333,12.08333333,7.833333333,7.4,9.500333333,7.283,5.383366667,5.95,7.533336667,6.916666667,4.9167,8,11.91666667,4.833333333,7.5,9.616666667,9,5,5.5,5.833333333,8.75,5.400066667,9.95,6.816633333,7.999966667,6.95,7.58333,9.199996667,6.333333333,1.066333333,7.333333333,7.6333,9.16667,8.5333,5.1667,8.25,9.766666667,8.416666667,2,6.25,4.583333333,8.416666667,12.25,7.85,7.416666667,6.966666667,12.03336667,8.116666667,8.916666667,8,6.416633333,9,7.583333333,9.000033333,4.833333333,5.5833,5.333,9.166666667,7.166666667,13.23366667,8.5,9.833333333,9.75,8.833333333,7.833333333,4.5667,8.01667,3.383333333,9.2497,7.25,5.833333333,7.333333333,4.5,7.816666667,5.5,5.066633333,8.000033333,7.416666667,9.25,8.949666667,10.16666667,8.666,3.916666667,9.816663333,11.5,8.000033333,8.833333333,7.416666667,9.900033333,5.416666667,11.5,8,11.03336333,7.5,7.5,8,5.583333333,8,9.417,7.883333333,8.5,10.00006667,9.5,17.16633333,6.416666667,9,3.1333,8.65,21.88366667,6.683266667,8.833333333,8.583,7.100033333,12,8.1,5.25,3,9.916666667,12.75,5.833333333,5.05,8.7667,8.81667,5.867,7.799966667,11.5,12.66636667,10.38333333,9.583333333,8.050033333,12.83367,6,9.917,8.1334
9.9167,7.883336667,6.499966667,3.9167,9.466696667,5.566666667,8.5,8.333333333,8.4333,8.000033333,8.333333333,8.7166,5.500033333,11.08333333,14.66666667,8.24997,5,7.516666667,20.25,10.58333333,10.53333667,9.466733333,4.716663333,7.416666667,4.216733333,9.25,7.583333333,9.666333333,9.700333333,7.916666667,5.916666667,9.833666667,8.916666667,5,9.5,5.5,3.416666667,13.66663333,9.5,8.516666667,7.466666667,5.75,13,11.24996667,8.833333333,9.5,11.1667,7.833333333,8.3,10.41666333,11.33333333,6.666666667,7.416666667,9.066666667,10.9167,9.5,5.75,8.666666667,7,7.383333333,8.616666667,4.833333333,10.03333667,9.333333333,7.933666667,7.2497,6.333333333,5.833333333,7.416666667,8.666666667,8.583366667,10.75,7.966666667,7.166666667,5.666666667,9.966666667,8.433333333,13.33333333,11.13333333,8.949996667,7.2,8.25,12.14966333,7.583333333,9.75,9.333,12.45,7,7.583333333,6.5,9.233033333,8.75,4.500000333,6.799966667,4.316666667,4.333266667,6.333296667,5.5667,8.333333333,21.33366667,3.966733333,9.383333333,5.75,7.3,13.33333,7.45,5.3167,7.166703333,11.75,5,6.749966667,7,9.5,11.91666667,7.516733333,15.45,6.166666667,10.5,7.833333333,10.25,10.5,6.33333,11.91666667,8.5,12.91666667,11.28336667,9.166666667,10.08333333,10,8.833333333,9.9,7.749933333,21.88366667,7.166633333,7.650033333,9,9,5.716633333,8.5,12.21667,2.933333333,5.250033333,7.5,8.916966667,6.25,9.916667,5.666666667,7.45,7.450066667,7,13,6.833336667,9.916666667,8.333333333,7.666666667,8.75,7.25,6.5,5.666666667,7.666666667,10.66666667,20.91666667,8.333333333,4.466666667,7.083266667,7.166333333,8,5.750066667,11,7.933333333,5.350033333,10.51383333,7.749966667,3.5,3.5,9.916666667,10.75,9.7333,6.33333,10.1667,11,5.9167,6.416633333,11,5.333333333,7.9,12.16663333,10.08333333,7,8.25,7.749966667,7.450033333,7.533366667,5.916666667,6,6,3.333333333,9.083333333,3.916666667,8.500033333,8.833333333,5.499966667,9.466663333,8.4167,2.4167,7.833333333,6.75,9.499966667,8.916666667,8.166666667,12.41666667,5.833333333,5.78333,9.500333333,6.9997,7.449996667,3.916666667,8.416666667,7.149963333,8.166666667,7.666666667,12.5,8.833333333,5.5,9.683333333,6,3.383333333,4.333333333,6.25,8,5.5167,10.96666667,7.316633333,8.8333,10.75,7.66667,10.53333333,7.466666667,0.049966667,3.150033333,10.61666667,11.44996667,4.583333333,8.416666667,9.666666667,10.16666667,7.916666667,13.25,8.833333333,7.333333333,8.166666667,10.08333333,9.83337,8.166666667,9.383333333,4.5333,10.66666333,8.833333333,6.666633333,7.333333333,7.666666667,6.583333333,7.166666667,5.916666667,7.0166,6.800366667,9.666666667,9.416666667,10.05,6.000033333,9.666666667,7.016666667,11.83333333,7.33333,6.216666667,9,9.566666667,9.916663333,8.8333,10.4,7.950033333,9.5833,9.783333333,0.016667,2.866666667,8.166666667,9.916666667,9.5,6.999966667,11.5,8.75,11.75,11.56666667,9.666666667,9.5,8.416666667,6.1667,8.999966667,15.41666667,11.33333333,7.25,10.71673333,10.66666667,8.916666667,6.25,6.75,7,6.5,9.933333333,9.666666667,10.58336667,12.33333333,18.75036667,9.916666667,10.5,3.049966667,5.117,10.74963333,9.750333333,7.75,5.75,12.33333333,12.25,7.116666667,4.75,2,8.083333333,13.25,10.66666667,10.08333333,5.0167,6.133333333,4.616366667,6.117,9.5,7.5833,5.9,10.16666333,7.666666667,10.0167,6.7,11.31667,5.73333
6.466666667,6.416633333,7.416666667,4.949966667,8.516633333,6.516633667,8.5,4.833333333,4.65,9.499666667,7.166666667,8.41663,10.5333,8.3,8.333333333,8.1667,7.083333333,7.366666667,21.33333333,9.216666667,5.433336667,7.600066667,7.166666667,8.416666667,7.833366667,8.25,9.133333333,4.916666667,6.500333333,8.95,5.916666667,7,10.41666667,11.83333667,6.75,7,7.083333333,14,9,6.15,9.799666667,4,6.75,6.250003333,5.5,8.333333333,9.166666667,9.833333333,10.833,9.583333333,4.416666667,6.383333333,8.333333333,8.683333333,8.5,2.6667,5.499966667,8.966666667,5,7.2833,9.11667,6.833333333,7.416666667,6.666666667,7.799666667,6.249966667,8.833333333,5.333333333,6.333333333,10,6.25,8.450033333,8.95,9.333333333,4.333333333,4.05,11.16666667,9.416666667,11.683,5.500033333,6.5833,5.016633333,6.499666667,6.5,8.833333333,9.25,6,7.3167,9.666666667,6.5,4.850033333,11.30003333,5.1,4.733266667,4.5,7.333333333,7.416636667,7.7,5.166633333,18.83333333,9.5833,9.083333333,5.916666667,7.5,7.25,7.716666667,4.833333333,6.749963333,7.833333333,7.666666667,8.416666667,4.916666667,9.583366667,7.583366667,6.9166,14.95,8.5,10.33367,6.166666667,8.166666667,8.5,6.833333333,9.333333333,11.5,8.25,7.799966667,8,9.75,9.25,8.333333333,5.916666667,7.999966667,9.766666667,9.133333333,4.95,4.75,7.333333333,8.683333333,4.5,7.6834,8.249966667,9.166666667,6.75,11.08367,5.466666667,9.16667,6.833333333,8.68333,6.850036667,5.916666667,10.83333333,6.749933333,9.916666667,8.716666667,6.5,8.916633333,6.250333333,8.25,4.999966667,6.5,5.666666667,21,3.75,7.716666667,7.583366667,7.333333333,5.75,9.949966667,8.083333333,9.5,5.333333333,6.816633333,8,5,7.749996667,19.91666667,8.333333333,8.383336667,8.66667,0.25,9.5,6.666666667,6.25,8.3,9,3.500033333,8.583333333,7.916666667,7.5,8.416666667,7.7833,4.0167,6.9833,6.916666667,6.666666667,7,8.5,6.600033333,11.03333333,6.666666667,8.5,3.750033333,7.7167,6.11667,6.3333,6.8,7.9,9.416666667,8.66667,10.58333333,12.16666667,4.333333333,9.2,5.83333,8.25,7.299996667,7.916666667,4.999966667,6.799967,4.75,7,7.983333333,5.833333333,6.5,9.216666667,8,7.100033333,5.916663333,5,7.916666667,4.216633333,11.00000333,6.4833,5.5,6.966666667,6.5,7.25,10.65,-0.5,7.816633333,9.49967,11.7,6.8333,4.999996667,8.25,5.666666667,8.5,8.583333333,7.916666667,7.416633333,8.083333333,10.08333333,7.716666667,7.583366667,12.066667,3.850033333,9.033336667,9.916666667,8.24997,6.749966667,6.416666667,7.25,5.916666667,12.83333333,7.5667,4.683366667,5.833333333,9.833333333,9.5833,9.0833,6.666666667,7.833366667,9.916666667,7.716663333,6.450033333,9.082996667,8.183333333,8.5,7.416666667,8.25,6.833333333,7.916633333,6.8,17.91666667,5.183366667,7.166666667,9.166666667,9,7.75,7.716333333,8.166666667,9.5,8.9,7,8.416666667,7.166666667,7,9.6667,6.466666667,6.916666667,8.833333333,5.76663,9.666666667,5.833333333,10.25,9.333333333,3,6,3.95,5.583333333,7.58337,6.5,17.5833,9.916666667,8,4.099966667,6.5337,21.68266667,10.71700333,8.75,8.916666667,12.74996667,11.58333333,7.633333333,6.333333333,5,5.4166,10.41666667,11.83333333,9.25,4.3167,8.11667,4.9334,7.316633333,6.166666667,6.25,6.633333333,9.250033333,7.0167,7.75,8.65,9.132996667,8.7666
5.6667,4.9833,4.833366667,8.916666667,8.200033333,7.900033333,8.5,7.333333333,8.083366667,7.8333,8.4167,8.16667,7.949996667,6.9833,11.5833,7.74997,5.5,4.649996667,9.75,9.133333333,8.21667,5.683366667,9.166666667,8.416666667,9.200033333,8.25,5.333333333,9.5,6.2166,6.75,5.916666667,5.4167,6.366733333,7.5,6.75,5.6667,4.749933333,5.416666667,8.916666667,9.750033333,11.41666667,5.25,7.083333333,6.5,9.833333333,7.166666667,9.166666667,10.25,6.25,10.05003333,4.366666667,6.2167,7.666666667,8.333,9.25,4.999966667,1.500033333,7.75,5.75,7.499966667,8.199996667,5.666666667,10.25003333,5.333333333,7.449966667,1.25,7.833333333,7.966666667,7.500033333,9.666666667,7.416633333,10.25003333,8.95,10.91666667,6.833333333,10.05,11,8.800033333,10.31666667,5.583366667,8.049996667,7.883366667,7.1667,7.2333,3.749966667,9.5,11.91663333,9.583333333,10.66666667,6,5.35,7.649996667,0.883333333,5.416666667,6.983333,5.999996667,7.416666667,7.1167,9.833333333,21,8.3333,8.916666667,5.916666667,7.966666667,8.416666667,6.5,6.716696667,6.083366667,8.583333333,7.749996667,8.416666667,6.75,8.333333333,6.999966667,7.299996667,9.633333333,10.16666667,10.5,7.333333333,8.5,8.5,7.749996667,7.916666667,12.66666667,9.166666667,8.799966667,8.166666667,12.667,7.6667,4.416666667,4,7.833336667,10.13333,6.750003333,9.233266667,6.416666667,7.333333333,3.600033333,5.516633333,9.033303333,9.516666667,8,7.25,9.1003,6.25,8.5,6.916666667,8.933366667,7.149966667,9.833333333,11.25,6.250033333,9.916666667,7.916666667,7.333333333,8.666696667,3.249966667,8.416666667,5.749966667,8.75,9.666666667,21,8,7.249966667,9.416666667,6.833333333,5.75,7.58333,6.666333333,10.65033667,6.2167,7.824966667,4,3.25,8.349996667,6.916666667,7.166666667,7.750003333,8.4,9.25,7.833333333,6.583366667,4.666733333,10.23333333,8,6.733366667,7.75,8.416666667,8.5,8.75,8.250003333,10.48336667,8.7997,7.916666667,7,12,6.833333333,7.183333333,5.433333333,10.33333333,7,6.633333333,8.8,6.81667,5.3333,10.93333333,7.75,9.250033333,7.41667,4.916666667,7.75,4.75,5.7833,6.333333333,5.9663,5.533366667,5.916666667,7.416666667,10.66633333,5.3333,8.083333333,7.983333333,6.833333333,8.5,8.866666667,8,7.5166,5.916666667,5,8.416666667,4.1834,9.516666667,6.066666667,10.75,9.483333333,6.16667,5.81667,6.883333333,4.633666667,9.55,6.499996667,10.05,8.516633333,5.75,9.333333333,8.166666667,6.583333333,8.416666667,8.666666667,7.25,8.083333333,9.583333333,8.23333,6.916666667,10.51663333,21.81696667,8.499996667,9.983333333,7.666666667,8,6,6.583333333,4.333333333,8.833333333,8.366666667,6.1,8.583333333,11.08333333,9.033296667,6.083333333,5.833333333,6.666666667,9.916666667,7.3333,7.016666667,8.916696667,2.433333333,6.583333333,8.083333333,5.933333333,6.983333333,7.3333,6.666633333,5.5,6.283333333,5,10.41663333,8.5,8.1833,10.08333333,8.333333333,8.666666667,11.48337,7.916666667,10.75,8.916666667,6.8333,9.166633333,5.1167,7,8.75,6.1833,8.833333333,6.333333333,12.13333333,8.166666667,6,9.25,8.416666667,6.916666667,10.08333333,8,16.91633333,5.333333333,9.666666667,4.1667,21.133,19.58296667,3.183333333,7.333333333,6.5,10.41666667,10.66666667,8.233333333,7.333333333,6.5,11.417,11.33333333,7.333333333,7.5,9,9.15,0.8,5.483333333,7,8.466666667,5.41663,7.75,4.483333333,6.833366667,6.95,9.517033333,9
9.216666667,7.350033333,1.749996667,6.000036667,8.11663,8.4333,8,19.25,8.833366667,9.75,7.916633333,7.41667,10.38333333,10.63333333,11.25,8.9167,7.16667,9.916666667,10,10.86666667,8.833303333,6.783366667,7.833333333,7.9,9.133303333,8.4167,8.483333333,11.58333333,8.75,9,3.916666667,8.333333333,6.75,8.016666667,5.75,8,5.083336667,8.5,9.083333333,7.0667,6.583333333,3,7.666666667,6.75,4.5,7.5,7.333666667,10.33333333,7.166666667,9.333333333,5.833333333,6.21667,7,6.733333333,7.25,8.666633333,3.6667,4.75,3.75,6.716633333,8.199996667,4,7.34997,9.666666667,7.950333333,15.16666667,8,6.416666667,6.083333333,10.83333333,6.8333,8.166696667,8.95,9.366666667,7.25,11.98333333,11.16666667,8.333336667,10.86666667,6.500066667,6.133296667,8.416666667,8.316333333,6.616633333,8.833333333,9.5,4.58333,8.833366667,2.666666667,5.833333333,5.4667,12,0.016667,6.0333,7.483333333,6.5833,6.416696667,6.15,5.333333333,20,8.29997,8.75,5.416666667,7.5,10.41663333,7.466666667,5.85,7.666633333,6.25,8.416666667,6.75,7.166666667,8,4.916666667,8.01663,9.25,7.666666667,9.5003,7.166666667,8.583333333,6.666666667,6.833333667,7.416666667,8.5,7.833333333,7.883336667,8.166666667,11.61666667,7.58333,4.916666667,5.333333333,10.33333667,9.516666667,6.533366667,5.833333333,4.75,10.33333333,6.716633333,3.75,8.800033333,12.63333333,11.41666667,6.75,8.533033333,6.75,9.25,6.916666667,10.45003333,7.033296667,7.916666667,8.5,6.666666667,9.916666667,8.7,5.416666667,6.916666667,6.749966667,9.5,4,2.5,5.666666667,21,6.416666667,7.416663333,9.416666667,20.41663333,5.916666667,8.333333333,9,5.083333667,6.750033333,6.8278,9.95,6.583333333,6.999966667,6.916666667,6.833333333,8.316663333,5.4333,10.58333333,7.833333333,4.000003333,4.5,9.466666667,7.5,3.7334,9.666666667,9.25,7.5,8.75,7.3167,4.383333333,6.35,6,6.333333333,11,8.666666667,5.166666667,4.466666667,7.416666667,7.5,7.849966667,5.516733333,8.3003,5.8333,10.9,6.816666667,8.75,8,6,5.916666667,8.833333333,7.1333,5.333333333,6.916666667,5.833366667,5.933333333,7.083336667,11.33296667,3.1667,7.75,5.166666667,7.833333333,6,8.75,7,4.4167,4.083333333,-1.166666667,8.5,5.1,4.916666667,10.31666667,4.749966667,8.916666667,7.5,7,7.833333333,0.499666667,5.916666667,10.90006667,11.6,6.616333333,5.5833,6.416666667,7.633,7.666666667,5.25,7.833333333,6.416666667,8.25,10.16666667,7.883363333,8.333333333,12.417,5.666666667,7.749996667,8.833333333,7.7833,7.5,8.833333333,8.416666667,5.333333333,8.833333333,7.133333333,6.183366667,9.333333333,10.25,8.383299667,4.333333333,9.666666667,6.466663333,8.916666667,5.983366667,9.783366667,6.500033333,6.75,7.416633333,7.333333333,3,7.850033333,7.833333333,6.8667,12.91666667,7.150066667,7.333366667,10.66666667,7.25,7.05,6.749966667,7.833333333,8.58333,10.20033333,6.833333333,10.83333333,7.416666667,5.166666667,10.08333333,6.633366667,11.5,9,6.9834,8.916666667,5.833333333,10.33333333,8.083333333,2.5,7.583366667,9.833333333,7.5,7.916666667,5,3.3333,2.666663333,9.333333333,4.049966667,5.9003,7.3003,5.783366667,8.25,8.833366667,13.5,10.08333333,8.133333333,6.916666667,5.75,11.917,8.75,7.833333333,9.5,3.883333333,4,6.150033333,6.983333333,6.75,6.75,6.383363333,8.9167,5.549966667,7.0333,6.95,9.066996667,7.75
